enabled,subsystem,target,name,danger,param1_type,param1_description,param2_type,param2_description,param3_type,param3_description,param4_type,param4_description,param5_type,param5_description,param6_type,param6_description,description,note
TRUE,CDH,OBC,NOP,,,,,,,,,,,,,,ダミーコマンド,
TRUE,CDH,OBC,TMGR_SET_TIME,,uint32_t,TI,,,,,,,,,,,OBC時刻設定コマンド,
TRUE,CDH,OBC,AM_REGISTER_APP,,uint32_t,app_id,uint32_t,init_ptr,uint32_t,entry_ptr,,,,,,,アプリ登録コマンド,
TRUE,CDH,OBC,AM_INITIALIZE_APP,,uint32_t,app_id,,,,,,,,,,,アプリ初期化コマンド,
TRUE,CDH,OBC,AM_EXECUTE_APP,,uint32_t,app_id,,,,,,,,,,,アプリ実行コマンド,
TRUE,CDH,OBC,AM_SET_PAGE_FOR_TLM,,uint8_t,,,,,,,,,,,,テレメトリ生成用ページ番号設定,
TRUE,CDH,OBC,AM_CLEAR_APP_INFO,danger,,,,,,,,,,,,,アプリ実行時間計測の初期化,
TRUE,CDH,OBC,MM_SET_MODE_LIST,,uint8_t,Start=0; Initial=1; Bdot=2; SunPoint=3; R3ax-MTQ=4; R3ax-RW=5; F3ax=6,uint16_t,bc_index,,,,,,,,,モード定義リスト設定コマンド,
TRUE,CDH,OBC,MM_SET_TRANSITION_TABLE,,uint8_t,From: Start=0; Initial=1; Bdot=2; SunPoint=3; R3ax-MTQ=4; R3ax-RW=5; F3ax=6,uint8_t,To: Start=0; Initial=1; Bdot=2; SunPoint=3; R3ax-MTQ=4; R3ax-RW=5; F3ax=6,uint16_t,bc_index,,,,,,,モード遷移定義テーブル書き換えコマンド,
TRUE,CDH,OBC,MM_START_TRANSITION,,uint8_t,Start=0; Initial=1; Bdot=2; SunPoint=3; R3ax-MTQ=4; R3ax-RW=5; F3ax=6,,,,,,,,,,,モード遷移開始コマンド,
TRUE,CDH,OBC,MM_FINISH_TRANSITION,,,,,,,,,,,,,,モード遷移終了通知コマンド,
TRUE,CDH,OBC,TDSP_SET_TASK_LIST,danger,uint8_t,bc_index,,,,,,,,,,,タスクリスト設定コマンド,
TRUE,CDH,OBC,TLCD_CLEAR_ALL_TIMELINE,danger,uint8_t,ID: GS=0; BC=1; TLM=2,,,,,,,,,,,全TLC登録解除,
TRUE,CDH,OBC,TLCD_CLEAR_TIMELINE_AT,,uint8_t,ID: GS=0; BC=1; TLM=2,uint32_t,TI,,,,,,,,,TI指定TLC登録解除,
TRUE,CDH,OBC,TLCD_DEPLOY_BLOCK,,uint8_t,ID: GS=0; BC=1; TLM=2,uint16_t,bc_index,,,,,,,,,BLC展開,
TRUE,CDH,OBC,TLCD_CLEAR_ERR_LOG,,uint8_t,,,,,,,,,,,,最新のコマンド実行異常記録をクリア,
TRUE,CDH,OBC,TLCD_SET_SOE_FLAG,,uint8_t,ID: GS=0; BC=1; TLM=2,uint8_t,,,,,,,,,,異常時実行停止機能設定(ライン番号@@ フラグ),
TRUE,CDH,OBC,TLCD_SET_LOUT_FLAG,,uint8_t,ID: GS=0; BC=1; TLM=2,uint8_t,,,,,,,,,,実行停止機能設定(ライン番号@@ フラグ),
TRUE,CDH,OBC,TLCD_SET_ID_FOR_TLM,,uint8_t,ID: GS=0; BC=1; TLM=2,,,,,,,,,,,テレメで降ろすTL_IDの設定とTLテレメの更新,
TRUE,CDH,OBC,TLCD_SET_PAGE_FOR_TLM,,uint8_t,page_no,,,,,,,,,,,テレメトリ生成用ページ番号設定,
TRUE,CDH,OBC,GENERATE_TLM,,uint8_t,category,uint8_t,TLM_ID,uint8_t,送出回数,,,,,,,TLMパケット生成 (deprecated),
TRUE,CDH,OBC,TG_GENERATE_TLM,,uint8_t,tlm id,uint8_t,dest flags,uint8_t,dest info,uint8_t,送出回数,,,,,自身の OBC のテレメを生成,
TRUE,CDH,OBC,TG_GENERATE_HP_TLM,,uint8_t,tlm id,,,,,,,,,,,High Priority テレメを生成 (事実上，現在使われていない）,
TRUE,CDH,OBC,TG_GENERATE_RT_TLM,,uint8_t,tlm id,,,,,,,,,,,Real Time テレメを生成,
TRUE,CDH,OBC,TG_GENERATE_ST_TLM,,uint8_t,tlm id,uint8_t,dr partition (dest info),,,,,,,,,ST テレメを生成,
TRUE,CDH,OBC,BCT_CLEAR_BLOCK,,uint16_t,bc_index,,,,,,,,,,,BLC登録解除コマンド,
TRUE,CDH,OBC,BCT_SET_BLOCK_POSITION,,uint16_t,bc_index,uint8_t,cmd_index,,,,,,,,,BLC操作ポインタ設定コマンド,
TRUE,CDH,OBC,BCT_COPY_BCT,,uint16_t,dst_bc_index,uint16_t,src_bc_index,,,,,,,,,BCT の内容を別の場所にコピー,
TRUE,CDH,OBC,BCT_OVERWRITE_CMD,danger,uint16_t,CMD_CODE,uint32_t,TI,uint16_t,pos.block,uint8_t,pos.cmd,raw,cmd_param (big endian),,,BCTの内容を上書き,
TRUE,CDH,OBC,BCT_FILL_NOP,,uint8_t,,,,,,,,,,,,テレメ運用時の10個BCをNOP埋めする．（NOP個数）,
TRUE,CDH,OBC,BCE_ACTIVATE_BLOCK,,,,,,,,,,,,,,BLC有効化コマンド,
TRUE,CDH,OBC,BCE_ACTIVATE_BLOCK_BY_ID,,uint16_t,bc_index,,,,,,,,,,,BCを（無条件に）有効化,
TRUE,CDH,OBC,BCE_INACTIVATE_BLOCK_BY_ID,,uint16_t,bc_index,,,,,,,,,,,BCを（無条件に）無効化,
TRUE,CDH,OBC,BCE_ROTATE_BLOCK,,uint16_t,bc_index,,,,,,,,,,,BLC回転コマンド,
TRUE,CDH,OBC,BCE_COMBINE_BLOCK,,uint16_t,bc_index,,,,,,,,,,,BLC融合コマンド,
TRUE,CDH,OBC,BCE_TIMELIMIT_COMBINE_BLOCK,,uint16_t,bc_index,uint8_t,limit_step,,,,,,,,,時間制限付きBLC融合コマンド,
TRUE,CDH,OBC,BCE_RESET_ROTATOR_INFO,danger,,,,,,,,,,,,,カウンタ類リセット,
TRUE,CDH,OBC,BCE_RESET_COMBINER_INFO,danger,,,,,,,,,,,,,カウンタ類リセット,
TRUE,CDH,OBC,BCE_SET_ROTATE_INTERVAL,,uint16_t,,uint16_t,,,,,,,,,,BC回転時の回転間隔周期を設定する,
TRUE,CDH,OBC,EL_INIT,,,,,,,,,,,,,,EL初期化,
TRUE,CDH,OBC,EL_CLEAR_LOG_ALL,,,,,,,,,,,,,,全ログ削除,
TRUE,CDH,OBC,EL_CLEAR_LOG_BY_ERR_LEVEL,,uint8_t,Level: High=0; Low=1; EL=2; EH=3,,,,,,,,,,,エラーレベル指定ログ削除,
TRUE,CDH,OBC,EL_CLEAR_STATISTICS,,,,,,,,,,,,,,統計情報削除,
TRUE,CDH,OBC,EL_CLEAR_TLOG,,uint8_t,Level: High=0; Low=1; EL=2; EH=3,,,,,,,,,,,TLog削除,
TRUE,CDH,OBC,EL_CLEAR_CLOG,,uint8_t,Level: High=0; Low=1; EL=2; EH=3,,,,,,,,,,,CLog削除,
TRUE,CDH,OBC,EL_RECORD_EVENT,,uint32_t,group,uint32_t,local,uint8_t,Level: High=0; Low=1; EL=2; EH=3,uint32_t,note,,,,,イベント記録,
TRUE,CDH,OBC,EL_TLOG_SET_PAGE_FOR_TLM,,uint8_t,page_no,uint8_t,err_level,,,,,,,,,TLogのダウンリンクテレメ設定,
TRUE,CDH,OBC,EL_CLOG_SET_PAGE_FOR_TLM,,uint8_t,page_no,uint8_t,err_level,,,,,,,,,CLogのダウンリンクテレメ設定,
TRUE,CDH,OBC,EL_INIT_LOGGING_SETTINGS,,,,,,,,,,,,,,ログ設定を初期化,
TRUE,CDH,OBC,EL_ENABLE_LOGGING,,uint32_t,group,,,,,,,,,,,ロギングを有効化,
TRUE,CDH,OBC,EL_DISABLE_LOGGING,,uint32_t,group,,,,,,,,,,,ロギングを無効化,
TRUE,CDH,OBC,EL_ENABLE_TLOG_OVERWRITE,,uint8_t,Level: High=0; Low=1; EL=2; EH=3,,,,,,,,,,,TLogのログ上書きを有効化,
TRUE,CDH,OBC,EL_DISABLE_TLOG_OVERWRITE,,uint8_t,Level: High=0; Low=1; EL=2; EH=3,,,,,,,,,,,TLogのログ上書きを無効化,
TRUE,CDH,OBC,EH_INIT,,,,,,,,,,,,,,EHの初期化,
TRUE,CDH,OBC,EH_CLEAR_ALL_RULE,,,,,,,,,,,,,,EHのすべてのルールをクリア,
TRUE,CDH,OBC,EH_LOAD_DEFAULT_RULE,,,,,,,,,,,,,,EHのデフォルトルールを読み込み,
TRUE,CDH,OBC,EH_SET_REGISTER_RULE_EVENT_PARAM,,uint16_t,rule id,uint32_t,event group,uint32_t,event local,uint8_t,event err level,uint8_t,should_match_err_level,uint16_t,deploy bc index,登録するEHルールのイベントパラメータを設定,
TRUE,CDH,OBC,EH_SET_REGISTER_RULE_CONDITION_PARAM,,uint8_t,condition type,uint16_t,count_threshold,uint32_t,time_threshold [ms],uint8_t,is_active,,,,,登録するEHルールの対応条件パラメタを設定,
TRUE,CDH,OBC,EH_REGISTER_RULE,,,,,,,,,,,,,,設定したパラメタでEHルールを登録,
TRUE,CDH,OBC,EH_DELETE_RULE,,uint16_t,rule id,,,,,,,,,,,指定したルールを削除,
TRUE,CDH,OBC,EH_INIT_RULE,,uint16_t,rule id,,,,,,,,,,,指定したルールを初期化（ルールを有効化し，ルールカウンタも初期化）,
TRUE,CDH,OBC,EH_INIT_RULE_FOR_MULTI_LEVEL,,uint16_t,rule id,,,,,,,,,,,指定したルールを初期化（ルールを有効化し，ルールカウンタも初期化）（多段EH対応用）,
TRUE,CDH,OBC,EH_ACTIVATE_RULE,,uint16_t,rule id,,,,,,,,,,,指定したルールを有効化,
TRUE,CDH,OBC,EH_INACTIVATE_RULE,,uint16_t,rule id,,,,,,,,,,,指定したルールを無効化,
TRUE,CDH,OBC,EH_ACTIVATE_RULE_FOR_MULTI_LEVEL,,uint16_t,rule id,,,,,,,,,,,指定したルールを有効化（多段EH対応用）,
TRUE,CDH,OBC,EH_INACTIVATE_RULE_FOR_MULTI_LEVEL,,uint16_t,rule id,,,,,,,,,,,指定したルールを無効化（多段EH対応用）,
TRUE,CDH,OBC,EH_SET_RULE_COUNTER,,uint16_t,rule id,uint16_t,counter,,,,,,,,,EH_Rule の counter をセット,
TRUE,CDH,OBC,EH_CLEAR_RULE_COUNTER,,uint16_t,rule id,,,,,,,,,,,EH_Rule の counter を0 クリア,
TRUE,CDH,OBC,EH_CLEAR_RULE_COUNTER_BY_EVENT,,uint32_t,group,uint32_t,local,uint8_t,Level: High=0; Low=1; EL=2; EH=3,,,,,,,EH_Rule の counter を EL_Event 指定で 0 クリア,
TRUE,CDH,OBC,EH_CLEAR_LOG,,,,,,,,,,,,,,EHの対応ログをクリア,
TRUE,CDH,OBC,EH_SET_MAX_RESPONSE_NUM,,uint8_t,max_response_num,,,,,,,,,,,一度のEH実行で対応するイベントの最大数を設定,
TRUE,CDH,OBC,EH_SET_MAX_CHECK_EVENT_NUM,,uint16_t,max_check_event_num,,,,,,,,,,,一度のEH実行でチェックするイベントの最大数を設定,
TRUE,CDH,OBC,EH_SET_MAX_MULTI_LEVEL_NUM,,uint8_t,max_multi_level_num,,,,,,,,,,,設定可能な最大段数を設定,
TRUE,CDH,OBC,EH_SET_PAGE_OF_RULE_TABLE_FOR_TLM,,uint8_t,page_no,,,,,,,,,,,EHルールテーブルのテレメページの設定,
TRUE,CDH,OBC,EH_SET_PAGE_OF_RULE_SORTED_IDX_FOR_TLM,,uint8_t,page_no,,,,,,,,,,,EHルールのソート済みテーブルのテレメページの設定,
TRUE,CDH,OBC,EH_SET_PAGE_OF_LOG_TABLE_FOR_TLM,,uint8_t,page_no,,,,,,,,,,,EHログテーブルのテレメページの設定,
TRUE,CDH,OBC,EH_SET_TARGET_ID_OF_RULE_TABLE_FOR_TLM,,uint16_t,rule id,,,,,,,,,,,EHテレメに表示するルールのID設定,
TRUE,CDH,OBC,EH_MATCH_EVENT_COUNTER_TO_EL,,,,,,,,,,,,,,イベント発生を検知するためのEHカウンタをELカウンタに強制定期に合わせる,
TRUE,CDH,OBC,EH_INIT_RULE_BY_EVENT_GROUP,,uint32_t,group,,,,,,,,,,,EH_INIT_RULE の by_event_group コマンド．想定外のものまで操作されないか注意すること,
TRUE,CDH,OBC,EH_INIT_RULE_BY_EVENT_GROUP_FOR_MULTI_LEVEL,,uint32_t,group,,,,,,,,,,,EH_INIT_RULE_FOR_MULTI_LEVEL の by_event_group コマンド．想定外のものまで操作されないか注意すること,
TRUE,CDH,OBC,EH_ACTIVATE_RULE_BY_EVENT_GROUP,,uint32_t,group,,,,,,,,,,,EH_ACTIVATE_RULE の by_event_group コマンド．想定外のものまで操作されないか注意すること,
TRUE,CDH,OBC,EH_INACTIVATE_RULE_BY_EVENT_GROUP,,uint32_t,group,,,,,,,,,,,EH_INACTIVATE_RULE の by_event_group コマンド．想定外のものまで操作されないか注意すること,
TRUE,CDH,OBC,EH_ACTIVATE_RULE_BY_EVENT_GROUP_FOR_MULTI_LEVEL,,uint32_t,group,,,,,,,,,,,EH_ACTIVATE_RULE_FOR_MULTI_LEVEL の by_event_group コマンド．想定外のものまで操作されないか注意すること,
TRUE,CDH,OBC,EH_INACTIVATE_RULE_BY_EVENT_GROUP_FOR_MULTI_LEVEL,,uint32_t,group,,,,,,,,,,,EH_INACTIVATE_RULE_FOR_MULTI_LEVEL の by_event_group コマンド．想定外のものまで操作されないか注意すること,
TRUE,CDH,OBC,EVENT_UTIL_ENABLE_EH_EXEC,,,,,,,,,,,,,,EHの実行を有効に,
TRUE,CDH,OBC,EVENT_UTIL_DISABLE_EH_EXEC,,,,,,,,,,,,,,EHの実行を無効に,
TRUE,CDH,OBC,EVENT_UTIL_EXEC_EH,,,,,,,,,,,,,,EHを単発で実行,
TRUE,CDH,OBC,TF_INIT,,,,,,,,,,,,,,TFの初期化,
TRUE,CDH,OBC,CA_INIT,,,,,,,,,,,,,,CAの初期化,
TRUE,CDH,OBC,TF_REGISTER_TLM,,uint8_t,index,uint32_t,tlm_func,,,,,,,,,テレメトリ登録コマンド,
TRUE,CDH,OBC,CA_REGISTER_CMD,,uint16_t,index,uint32_t,cmd_func,raw,param_info,,,,,,,コマンド登録コマンド,
TRUE,CDH,OBC,TF_SET_PAGE_FOR_TLM,,uint8_t,page_no,,,,,,,,,,,テレメトリ定義テーブルページ番号設定,
TRUE,CDH,OBC,CA_SET_PAGE_FOR_TLM,,uint8_t,page_no,,,,,,,,,,,コマンド定義テーブルページ番号設定,
TRUE,CDH,OBC,GSCD_CLEAR_ERR_LOG,,,,,,,,,,,,,,最新のコマンド実行異常記録をクリア,
TRUE,CDH,OBC,RTCD_CLEAR_ERR_LOG,,,,,,,,,,,,,,最新のコマンド実行異常記録をクリア,
FALSE,CDH,OBC,DCU_ABORT_CMD,,uint16_t,Cmd ID,,,,,,,,,,,実行中の分割コマンドを停止する,
FALSE,CDH,OBC,DCU_DOWN_ABORT_FLAG,,uint16_t,Cmd ID,,,,,,,,,,,エラー，またはコマンドによって中断ステータスとなっているコマンドを，実行可能状態に戻す,
FALSE,CDH,OBC,DCU_CLEAR_LOG,,,,,,,,,,,,,,ログをクリアする,
FALSE,CDH,AOBC,DI_FM25V10_WRITE_BYTE,danger,uint8_t,Chip1 = 0; Chip2 = 1; Chip3 = 2; Chip4 = 3,uint32_t,address = 0x000000~0x01FFFF,uint8_t,write_data,,,,,,,FRAM FM25V10に1Byteを書き込む,
FALSE,CDH,AOBC,DI_FM25V10_READ_BYTE,,uint8_t,Chip1 = 0; Chip2 = 1; Chip3 = 2; Chip4 = 3,uint32_t,address = 0x000000~0x01FFFF,,,,,,,,,FRAM FM25V10から1Byteを読み出す,
FALSE,CDH,AOBC,DI_FM25V10_MANAGE_STATUS,,uint8_t,Chip1 = 0; Chip2 = 1; Chip3 = 2; Chip4 = 3,uint8_t,write = 0; read = others,uint8_t,write_status (ignored when read),,,,,,,FRAM FM25V10のステータスレジスタコマンド,
FALSE,CDH,AOBC,APP_NVM_MANAGER_WRITE_BYTES,danger,uint32_t,start address(0-0x7ffff),uint8_t,data size,raw,write data(consider endian),,,,,,,不揮発メモリに複数データを書き込む,
FALSE,CDH,AOBC,APP_NVM_MANAGER_READ_BYTES,,uint32_t,start address(0-0x7ffff),uint8_t,data size,,,,,,,,,不揮発メモリから複数データを読み出す,
FALSE,CDH,AOBC,APP_NVM_PARTITION_WRITE_BYTES,danger,uint8_t,partition ID,uint32_t,start address(0-partitin size),uint8_t,data size,raw,write data(consider endian),,,,,パーティションアクセスで不揮発メモリに複数データを書き込む,
FALSE,CDH,AOBC,APP_NVM_PARTITION_READ_BYTES,,uint8_t,partition ID,uint32_t,start address(0-partitin size),uint8_t,data size,,,,,,,パーティションアクセスで不揮発メモリから複数データを読み出す,
FALSE,CDH,AOBC,APP_AOCS_DR_SET_WRITE,,uint8_t,permission: 0=DISABLE; 1=ENABLE,uint8_t,overwrite: 0=DISABLE; 1=ENABLE,uint8_t,read_partition=2; 3; 4,uint32_t,write_pointer,,,,,DRの書き込み設定,
FALSE,CDH,AOBC,APP_AOCS_DR_READ,,uint8_t,read_mode: 0=MANUAL; 1=CONTINUOUS,uint8_t,read_partition=2; 3; 4,uint32_t,read_pointer,,,,,,,DRの読み出し,
FALSE,CDH,AOBC,APP_NVM_BC_SET_ENABLE,,uint8_t,0=DISABLE@@ 1=ENABLE,,,,,,,,,,,不揮発メモリへのBC自動バックアップを有効化/無効化する,
FALSE,CDH,AOBC,APP_NVM_BC_RESTORE_BC_FROM_NVM,,uint16_t,BC ID,,,,,,,,,,,不揮発メモリに保存されているBCを復元する,
FALSE,CDH,AOBC,APP_NVM_BC_OTHER_SETTINGS,,uint8_t,param index,uint32_t,value to set,,,,,,,,,不揮発BCアプリのその他の設定をいじる。軌道上での使用は基本想定していない。bc_num_to_copy は 2 以上にすると 3-3 アノマリが出ることに注意。,
FALSE,CDH,AOBC,APP_PSC_CONTROL_5V_PORT,,uint8_t,INA=0; MPU; RM; SS; MTQ,uint8_t,off=0; on=1,,,,,,,,,5V配下の電源スイッチ操作,
FALSE,CDH,AOBC,APP_PSC_CONTROL_UNREG_PORT,,uint8_t,STIM=0; STT; OEM; RWX; RWY; RWZ,uint8_t,off=0; on=1,,,,,,,,,非安定バス配下の電源スイッチ操作,
FALSE,CDH,AOBC,DI_INA260_INIT,,uint8_t,PIC=0; STIM; STT; OEM; RM; SS; MTQ; RWX; RWY; RWZ,uint8_t,averaging_mode=0-7,uint8_t,voltage_conversion_time=0-7,uint8_t,current_conversion_time=0-7,,,,,INA260初期化モード設定,
FALSE,CDH,AOBC,DI_INA260_SET_OVER_CURRENT_PROTECTION,,uint8_t,PIC=0; STIM; STT; OEM; RM; SS; MTQ; RWX; RWY; RWZ,float,OC_threshold [mA],,,,,,,,,INA260過電流閾値設定,
FALSE,CDH,AOBC,APP_CURRENT_ANOMALY_SET_HW_OC_EL_THRESHOLD,,uint8_t,PIC=0; STIM; STT; OEM; RM; SS; MTQ; RWX; RWY; RWZ,uint16_t,HW_OC_EL_threshold [V],,,,,,,,,H/W過電流EL登録用電圧閾値設定,
FALSE,CDH,AOBC,APP_CURRENT_ANOMALY_SET_SW_OVER_CURRENT_PROTECTION,,uint8_t,PIC=0; STIM; STT; OEM; RM; SS; MTQ; RWX; RWY; RWZ,uint16_t,SW_OC_threshold [mA],,,,,,,,,S/W過電流閾値設定,
FALSE,CDH,AOBC,DI_RM3100_INIT,,uint8_t,0=AOBC@@1=EXT,,,,,,,,,,,RM3100の初期化を行う,
FALSE,CDH,AOBC,DI_MPU9250_INIT,,,,,,,,,,,,,,MPU9250の初期化を行う,
FALSE,CDH,AOBC,DI_MTQ_SEIREN_OUTPUT,,uint8_t,idx,int8_t,polarity (1 = positive@@ -1 = negative@@ 0 = off),,,,,,,,,MTQに電流を流し、磁気モーメントを発生させる,
FALSE,CDH,AOBC,DI_STIM210_INIT,,,,,,,,,,,,,,STIM210の初期化を行う (デフォルトの設定で出力),
FALSE,CDH,AOBC,DI_STIM210_SET_MODE,,uint8_t,1=NORMAL@@2=SERVICE,,,,,,,,,,,STIM210の運用モードをノーマル/サービスモードに変更,
FALSE,CDH,AOBC,DI_STIM210_SET_NORMAL_MODE_FORMAT,,uint8_t,0=RATE@@2=RATE_TEMP,,,,,,,,,,,STIM210の出力を変更（温度出力などを追加）,
FALSE,CDH,AOBC,DI_STIM210_SET_GYRO_OUTPUT,,uint8_t,0=ANG_VEL@@1=INCREMENTAL_ANG@@2=AVERAGE_ANG_VEL@@3=INTEGRATED_ANG,,,,,,,,,,,STIM210のジャイロ出力を角速度・角度から選択,
FALSE,CDH,AOBC,DI_STIM210_SET_SAMPLE_RATE,,uint8_t,0=TRIGGER@@1=125Hz,,,,,,,,,,,STIM210のサンプルレートを設定,
FALSE,CDH,AOBC,DI_STIM210_SET_TERMINATION_MODE,,uint8_t,0=OFF; 1=CRLF,,,,,,,,,,,STIM210の終端設定,
FALSE,CDH,AOBC,DI_STIM210_SET_LOW_PASS_FILTER,,uint8_t,0=16Hz; 1=33Hz; 2=66Hz@@3=131Hz@@4=262Hz,,,,,,,,,,,STIM210のLPFカットオフ周波数設定,
TRUE,CDH,AOBC,CSRV_STIM377H_INIT,,,,,,,,,,,,,,STIM377Hの初期化を行う (デフォルトの設定で出力),
TRUE,CDH,AOBC,CSRV_STIM377H_SET_MODE,,uint8_t,1=NORMAL@@2=SERVICE,,,,,,,,,,,STIM377Hの運用モードをノーマル/サービスモードに変更,
TRUE,CDH,AOBC,CSRV_STIM377H_SET_NORMAL_MODE_FORMAT,,uint8_t,0=RATE@@4=RATE_TEMP,,,,,,,,,,,STIM377Hの出力を変更（温度出力などを追加）,
TRUE,CDH,AOBC,CSRV_STIM377H_SET_GYRO_OUTPUT,,uint8_t,0=ANG_VEL@@1=INCREMENTAL_ANG@@2=AVERAGE_ANG_VEL@@3=INTEGRATED_ANG,,,,,,,,,,,STIM377Hのジャイロ出力を角速度・角度から選択,
TRUE,CDH,AOBC,CSRV_STIM377H_SET_SAMPLE_RATE,,uint8_t,0=TRIGGER@@1=125Hz@@2=250Hz@@3=500Hz@@4=1kHz@@5=2kHz,,,,,,,,,,,STIM377Hのサンプルレートを設定,
TRUE,CDH,AOBC,CSRV_STIM377H_SET_TERMINATION_MODE,,uint8_t,0=OFF; 1=CRLF,,,,,,,,,,,STIM377Hの終端設定,
TRUE,CDH,AOBC,CSRV_STIM377H_SET_LOW_PASS_FILTER,,uint8_t,0=16Hz; 1=33Hz; 2=66Hz@@3=131Hz@@4=262Hz,,,,,,,,,,,STIM377HのLPFカットオフ周波数設定,
FALSE,CDH,AOBC,DI_OEM7600_ONOFF_ANTENNA_POWER,,uint8_t,oem_id,uint8_t,off=0; on=1,,,,,,,,,OEM7600のアンテナ電源操作,
FALSE,CDH,AOBC,DI_OEM7600_SOFTWARE_RESET,,uint8_t,oem_id,uint8_t,time[sec],,,,,,,,,OEM7600のソフトウェアリセット,
FALSE,CDH,AOBC,DI_OEM7600_SET_TLM_CONTENTS,,uint8_t,oem_id,uint8_t,out_interval,uint32_t,oem7600_tlm_id,,,,,,,OEM7600の出力テレメ設定変更,
FALSE,CDH,AOBC,DI_OEM7600_SET_RESET_GPIO_HIGHLOW,,uint8_t,oem_id,uint8_t,low=0; high=1,,,,,,,,,OEM7600のハードウェアリセット,
FALSE,CDH,AOBC,DI_RW0003_INIT,,uint8_t,RWX=0; RWY; RWZ,,,,,,,,,,,RW0003の初期化を行う,
FALSE,CDH,AOBC,DI_RW0003_SET_IDLE,,uint8_t,RWX=0; RWY; RWZ,,,,,,,,,,,RW0003をIdleモードに入れる,
FALSE,CDH,AOBC,DI_RW0003_DRIVE_TORQUE,,uint8_t,RWX=0; RWY; RWZ,float,torque [Nm],,,,,,,,,RW0003にトルク指令を与える,
FALSE,CDH,AOBC,DI_RW0003_DRIVE_SPEED,,uint8_t,RWX=0; RWY; RWZ,float,speed [rad/s],,,,,,,,,RW0003に回転数指令を与える,
FALSE,CDH,AOBC,DI_RW0003_READ_FAULT_STATE,,uint8_t,RWX=0; RWY; RWZ,,,,,,,,,,,RW0003のFault Stateを読み取る,
FALSE,CDH,AOBC,DI_SAGITTA_BOOT,,,,,,,,,,,,,,SAGITTAをブートしてノミナルモードに移行する,
FALSE,CDH,AOBC,DI_SAGITTA_SET_UNIX_TIME_US,,uint32_t,upper 32bit,uint32_t,lower 32bit,,,,,,,,,SAGITTAのUnixTime[us]の設定,
FALSE,CDH,AOBC,DI_SAGITTA_SET_PARAMETER,,uint8_t,PARAMETER_ID,,,,,,,,,,,SAGITTAにパラメータ設定コマンドを送る,
FALSE,CDH,AOBC,DI_SAGITTA_CHANGE_PARAMETER,,uint8_t,PARAMETER_ID,uint8_t,PARAMETER_IDX,float,value,,,,,,,SAGITTAドライバ内のパラメータを変更する,
FALSE,CDH,AOBC,DI_SAGITTA_READ_PARAMETER,,uint8_t,PARAMETER_ID,,,,,,,,,,,SAGITTAのパラメータを読み取る,
FALSE,CDH,AOBC,DI_SAGITTA_DS_INIT,,,,,,,,,,,,,,SAGITTAのDriver Superを初期化,
FALSE,CDH,AOBC,DI_SAGITTA_DS_INIT_STREAM_REC_BUFFER,,,,,,,,,,,,,,SAGITTAのstream_rec_bufferを初期化,
FALSE,CDH,AOBC,DI_NANOSSOC_D60_DS_INIT,,,,,,,,,,,,,,NANOSSOC_D60のDriver Superを初期化,
FALSE,CDH,AOBC,DI_NANOSSOC_D60_DS_INIT_STREAM_REC_BUFFER,,,,,,,,,,,,,,NANOSSOC_D60のstream_rec_bufferを初期化,
FALSE,CDH,AOBC,DI_RM3100_SET_FRAME_TRANSFORMATION_QUATERNION_C2B,,uint8_t,0=AOBC; 1=EXT,float,q_c2b_vec_0,float,q_c2b_vec_1,float,q_c2b_vec_2,float,q_c2b_scalar,,,RM3100の座標変換Quaternion_c2bを設定する,
FALSE,CDH,AOBC,DI_MPU9250_SET_FRAME_TRANSFORMATION_QUATERNION_C2B,,uint8_t,0=AOBC,float,q_c2b_vec_0,float,q_c2b_vec_1,float,q_c2b_vec_2,float,q_c2b_scalar,,,MPU9250の座標変換Quaternion_c2bを設定する,
FALSE,CDH,AOBC,DI_NANOSSOC_D60_SET_FRAME_TRANSFORMATION_QUATERNION_C2B,,uint8_t,IDX = 0 to max 5,float,q_c2b_vec_0,float,q_c2b_vec_1,float,q_c2b_vec_2,float,q_c2b_scalar,,,NanoSSOC-D60の座標変換Quaternion_c2bを設定する,
FALSE,CDH,AOBC,DI_STIM210_SET_FRAME_TRANSFORMATION_QUATERNION_C2B,,uint8_t,0=IN UNIT,float,q_c2b_vec_0,float,q_c2b_vec_1,float,q_c2b_vec_2,float,q_c2b_scalar,,,STIM210の座標変換Quaternion_c2bを設定する,
TRUE,CDH,AOBC,CSRV_STIM377H_SET_FRAME_TRANSFORMATION_QUATERNION_C2B,,uint8_t,0=IN UNIT,float,q_c2b_vec_0,float,q_c2b_vec_1,float,q_c2b_vec_2,float,q_c2b_scalar,,,STIM377Hの座標変換Quaternion_c2bを設定する,
FALSE,CDH,AOBC,DI_SAGITTA_SET_FRAME_TRANSFORMATION_QUATERNION_C2B,,uint8_t,0=IN UNIT,float,q_c2b_vec_0,float,q_c2b_vec_1,float,q_c2b_vec_2,float,q_c2b_scalar,,,SAGITTAの座標変換Quaternion_c2bを設定する,
FALSE,CDH,AOBC,DI_RW0003_SET_ROTATION_DIRECTION_VECTOR,,uint8_t,RWX=0; RWY; RWZ,float,body_x,float,body_y,float,body_z,,,,,RW回転方向ベクトルを設定する,
FALSE,CDH,AOBC,DI_MTQ_SEIREN_SET_MAGNETIC_MOMENT_DIRECTION_VECTOR,,uint8_t,MTQ_X=0; MTQ_Y; MTQ_Z,float,body_x,float,body_y,float,body_z,,,,,MTQ磁気モーメント方向を設定する,
FALSE,CDH,AOBC,DI_MPU9250_SET_ANG_VEL_BIAS_COMPO_RAD_S,,uint8_t,0=AOBC,float,compo_x_rad_s,float,compo_y_rad_s,float,compo_z_rad_s,,,,,MPU9250角速度バイアス誤差を設定する,
FALSE,CDH,AOBC,DI_MPU9250_SET_MAG_BIAS_COMPO_NT,,uint8_t,0=AOBC,float,compo_x_nT,float,compo_y_nT,float,compo_z_nT,uint8_t,0=set; 1=add,,,MPU9250磁場バイアス誤差を設定する,
FALSE,CDH,AOBC,DI_RM3100_SET_MAG_BIAS_COMPO_NT,,uint8_t,0=AOBC; 1=EXT,float,compo_x_nT,float,compo_y_nT,float,compo_z_nT,uint8_t,0=set; 1=add; 2=default,,,RM3100磁場バイアス誤差を設定する,
FALSE,CDH,AOBC,DI_STIM210_SET_ANG_VEL_BIAS_COMPO_RAD_S,,uint8_t,0=IN UNIT,float,compo_x_rad_s,float,compo_y_rad_s,float,compo_z_rad_s,,,,,STIM210角速度バイアス誤差を設定する,
TRUE,CDH,AOBC,CSRV_STIM377H_SET_ANG_VEL_BIAS_COMPO_RAD_S,,uint8_t,0=IN UNIT,float,compo_x_rad_s,float,compo_y_rad_s,float,compo_z_rad_s,,,,,STIM377H角速度バイアス誤差を設定する,
FALSE,CDH,AOBC,DI_MPU9250_SET_ANG_VEL_BIAS_TEMP_CALIB,,uint8_t,X=0; Y; Z,float,range_low_degC,float,range_high_degC,float,coeff_0,float,coeff_1,,,MPU角速度バイアス温度補正値の設定,
FALSE,CDH,AOBC,DI_MPU9250_SET_ANG_VEL_SF_TEMP_CALIB,,uint8_t,X=0; Y; Z,float,range_low_degC,float,range_high_degC,float,coeff_0,float,coeff_1,,,MPU角速度SF温度補正値の設定,
FALSE,CDH,AOBC,DI_STIM210_SET_ANG_VEL_BIAS_TEMP_CALIB,,uint8_t,X=0; Y; Z,float,range_low_degC,float,range_high_degC,float,coeff_0,float,coeff_1,,,STIM角速度バイアス温度補正値の設定,
FALSE,CDH,AOBC,DI_STIM210_SET_ANG_VEL_SF_TEMP_CALIB,,uint8_t,X=0; Y; Z,float,range_low_degC,float,range_high_degC,float,coeff_0,float,coeff_1,,,STIM角速度SF温度補正値の設定,
TRUE,CDH,AOBC,CSRV_STIM377H_SET_ANG_VEL_BIAS_TEMP_CALIB,,uint8_t,X=0; Y; Z,float,range_low_degC,float,range_high_degC,float,coeff_0,float,coeff_1,,,STIM377H角速度バイアス温度補正値の設定,
TRUE,CDH,AOBC,CSRV_STIM377H_SET_ANG_VEL_SF_TEMP_CALIB,,uint8_t,X=0; Y; Z,float,range_low_degC,float,range_high_degC,float,coeff_0,float,coeff_1,,,STIM377H角速度SF温度補正値の設定,
FALSE,CDH,AOBC,APP_MAG_SELECTOR_SET_STATE,,uint8_t,RM_AOBC=0; RM_EXT; MPU; FUSION,,,,,,,,,,,使う磁気センサを選択する,
FALSE,CDH,AOBC,APP_GYRO_SELECTOR_SET_STATE,,uint8_t,MPU=0; STIM; FUSION,,,,,,,,,,,使うジャイロセンサを選択する,
FALSE,CDH,AOBC,SUN_SENSOR_SELECTOR_SET_INTENSITY_THRESHOLD,,float,lower_threshold_percent,float,upper_threshold_percent,,,,,,,,,サンセンサが使用可能であると判定する太陽強度閾値設定,
FALSE,CDH,AOBC,APP_TEMPERATURE_ANOMALY_SET_THRESHOLD,,uint8_t,0=PIC; RW_DCDC; ROUGH_GYRO; FINE_GYRO_X; Y; Z; STT_MCU; STT_CMOS; RW_X; Y; Z; GPSR,float,upper_degC,float,lower_degC,,,,,,,温度アノマリ閾値設定,
FALSE,CDH,AOBC,APP_MAGNETIC_EXCLUSIVE_CONTROL_TIMER_SET_ENABLE,,uint8_t,is_enable,,,,,,,,,,,磁気排他制御の有効・無効設定（0=無効・1＝有効）,
FALSE,CDH,AOBC,APP_MAGNETIC_EXCLUSIVE_CONTROL_TIMER_SET_DURATION,,uint16_t,observe_duration[ms],uint16_t,control_duration[ms],uint16_t,standby_duration[ms],,,,,,,磁気排他制御に関する時間コンフィグ設定,
FALSE,CDH,AOBC,APP_MTQ_SEIREN_CONTROLLER_SET_OUTPUT_RATIO,,uint8_t,X=0; Y; Z,int8_t,output ratio,,,,,,,,,MTQの出力時間比を[-100@@ +100]（単位：％）の範囲で手動で設定する,
FALSE,CDH,AOBC,APP_MPU9250_FILTER_SET_ZFILTER_PARAM,,uint8_t,MAG=0; GYRO=1,uint8_t,X=0; Y; Z,float,sampling_freq_Hz,float,cut_off_feq_Hz,,,,,MPU9250のSW-LPF設定,
FALSE,CDH,AOBC,APP_MPU9250_FILTER_SET_SPIKE_FILTER_PARAM,,uint8_t,MAG=0; GYRO=1,uint8_t,X=0; Y; Z,uint8_t,count_limit_to_accept,uint8_t,count_limit_to_reject_continued_warning,float,reject_threshold,float,amplitude_limit_to_accept_as_step,MPU9250のSpike除去フィルタ設定,
FALSE,CDH,AOBC,APP_STIM210_FILTER_SET_ZFILTER_PARAM,,uint8_t,0=IN UNIT,uint8_t,X=0; Y; Z,float,sampling_freq_Hz,float,cut_off_feq_Hz,,,,,STIM210のSW-LPF設定,
FALSE,CDH,AOBC,APP_STIM210_FILTER_SET_SPIKE_FILTER_PARAM,,uint8_t,0=IN UNIT,uint8_t,X=0; Y; Z,uint8_t,count_limit_to_accept,uint8_t,count_limit_to_reject_continued_warning,float,reject_threshold,float,amplitude_limit_to_accept_as_step,STIM210のSpike除去フィルタ設定,
FALSE,CDH,AOBC,APP_RM3100_FILTER_SET_ZFILTER_PARAM,,uint8_t,ON AOBC=0; EXTERNAL=1,uint8_t,X=0; Y; Z,float,sampling_freq_Hz,float,cut_off_feq_Hz,,,,,RM3100のSW-LPF設定,
FALSE,CDH,AOBC,APP_RM3100_FILTER_SET_SPIKE_FILTER_PARAM,,uint8_t,ON AOBC=0; EXTERNAL=1,uint8_t,X=0; Y; Z,uint8_t,count_limit_to_accept,uint8_t,count_limit_to_reject_continued_warning,float,reject_threshold,float,amplitude_limit_to_accept_as_step,RM3100のSpike除去フィルタ設定,
FALSE,CDH,AOBC,APP_RW0003_FILTER_SET_SPIKE_FILTER_PARAM,,uint8_t,X=0; Y; Z,uint8_t,count_limit_to_accept,uint8_t,count_limit_to_reject_continued_warning,float,reject_threshold,float,amplitude_limit_to_accept_as_step,,,RW0003のSpike除去フィルタ設定,
FALSE,CDH,AOBC,APP_OEM7600_FILTER_SET_SPIKE_FILTER_PARAM,,uint8_t,oem_id,uint8_t,Xp=0; Yp; Zp; Xv; Yv; Zv,uint8_t,count_limit_to_accept,uint8_t,count_limit_to_reject_continued_warning,float,reject_threshold,float,amplitude_limit_to_accept_as_step,OEM7600のSpike除去フィルタ設定,第2引数の値は位置XYZ~速度XYZが0~5に対応
FALSE,CDH,AOBC,APP_SAGITTA_FILTER_SET_SPIKE_FILTER_PARAM,,uint8_t,sagitta_id,uint8_t,count_limit_to_accept,uint8_t,count_limit_to_reject_continued_warning,float,reject_threshold,float,amplitude_limit_to_accept_as_step,,,SagittaのSpike除去フィルタ設定,
FALSE,CDH,AOBC,APP_NANOSSOC_D60_FILTER_SET_SPIKE_FILTER_PARAM,,uint8_t,count_limit_to_accept,uint8_t,count_limit_to_reject_continued_warning,float,reject_threshold,float,amplitude_limit_to_accept_as_step,,,,,太陽センサのSpike除去フィルタ設定,
FALSE,CDH,AOBC,APP_AOCS_MM_SET_AUTO_MODE_TRANSITION,,uint8_t,0=disable; 1=enable,,,,,,,,,,,自動モード遷移 Enable/Disable設定,
FALSE,CDH,AOBC,APP_AOCS_MM_SET_ANG_VEL_THRESHOLD,,float,angular_rate_limit [rad/s],float,ang_vel_time_limit [sec],float,norm_increase_limit_rad_s,float,anomaly_detection_period_s,,,,,角速度制御終了判定閾値設定（Bdot）,
FALSE,CDH,AOBC,APP_AOCS_MM_SET_SUN_ANGLE_THRESHOLD,,float,sun_angle_limit [rad],float,sun_angle_time_limit [sec],,,,,,,,,太陽補足制御失敗判定閾値設定,
FALSE,CDH,AOBC,APP_AOCS_MM_SET_THREE_AXIS_THRESHOLD,,float,3axis_error_limit [rad],float,3axis_error_time_limit [sec],,,,,,,,,三軸制御失敗判定閾値設定,
FALSE,CDH,AOBC,APP_AOCS_MM_SET_INVISIBLE_THRESHOLD,,float,sun_invisible_time_limit[sec],float,stt_invisible_time_limit[sec],,,,,,,,,センサー異常判定時間閾値設定,
FALSE,CDH,AOBC,APP_RTAD_SET_METHOD,,uint8_t,0=TRIAD; 1=Qmethod,uint8_t,0=Sun vector; 1=Quaternion,,,,,,,,,粗三軸姿勢決定手法を設定する,
FALSE,CDH,AOBC,APP_RTAD_SET_QMETHOD_SUN_VEC_WEIGHT,,float,sun_vec_weight,,,,,,,,,,,Qmethodで使用する太陽方向ベクトルの重みを[0.0; 1.0]の範囲で設定する,磁場ベクトルの重みは1.0からこの値を引いた値になる
FALSE,CDH,AOBC,APP_FTAD_SET_METHOD,,uint8_t,0=STT; 1=EKF,,,,,,,,,,,精三軸姿勢決定手法を設定する,
FALSE,CDH,AOBC,STT_GYRO_EKF_SET_GYRO_RANDOM_NOISE_STANDARD_DEVIATION,,float,gyro_random_noise_covariance X [rad/s],float,gyro_random_noise_covariance Y [rad/s],float,gyro_random_noise_covariance Z [rad/s],,,,,,,STT Gyro EKFにおけるジャイロのランダムノイズ設定（コンポ座標系）,
FALSE,CDH,AOBC,STT_GYRO_EKF_SET_GYRO_RANDOM_WALK_STANDARD_DEVIATION,,float,gyro_random_walk_covariance X [rad/s2],float,gyro_random_walk_covariance Y [rad/s2],float,gyro_random_walk_covariance Z [rad/s2],float,gyro_random_walk_time_constant [s],,,,,STT Gyro EKFにおけるジャイロのランダムウォーク設定（コンポ座標系）,
FALSE,CDH,AOBC,STT_GYRO_EKF_SET_STT_ERROR_STANDARD_DEVIATION,,float,stt_error X [rad],float,stt_error Y [rad],float,stt_error Z [rad],,,,,,,STT Gyro EKFにおけるSTTの観測誤差設定（コンポ座標系）,
FALSE,CDH,AOBC,STT_GYRO_EKF_RESET_ESTIMATION,,uint8_t,mode（0=単位quaternionで初期化，1=aocs managerのquaternion_est_i2bで初期化，2=残りの引数で初期化）,float,quaternion_i2b_x,float,quaternion_i2b_y,float,quaternion_i2b_z,float,quaternion_i2b_w,,,STT Gyro EKFの推定値全リセット,
FALSE,CDH,AOBC,STT_GYRO_EKF_ENABLE_ESTIMATED_ATTITUDE,,uint8_t,0=enable; 1=disable,,,,,,,,,,,STT Gyro EKFの推定値を衛星の姿勢推定値に反映するかどうか,
FALSE,CDH,AOBC,STT_GYRO_EKF_SET_INITIAL_COVARIANCE_MATRIX,,float,diagonal_stt_component_x,float,diagonal_stt_component_y,float,diagonal_stt_component_z,float,diagonal_gyro_component,,,,,STT Gyro EKFの共分散行列の初期値設定,
FALSE,CDH,AOBC,STT_GYRO_EKF_SET_PROCESS_NOISE_MATRIX,,float,attitude_element,float,attitude_rate_element,,,,,,,,,STT Gyro EKFのプロセスノイズ設定,
FALSE,CDH,AOBC,APP_BDOT_SET_CONTROL_GAIN,,float,gain x (negative value only),float,gain y (negative value only),float,gain z (negative value only),,,,,,,Bdot則のゲイン設定,
FALSE,CDH,AOBC,APP_BDOT_SET_TIMING,,uint32_t,minimum_time_derivative_step_time[ms],,,,,,,,,,,Bdot則の時間パラメータ（微分計算の最小インターバル）の設定をする,
FALSE,CDH,AOBC,APP_SUN_POINTING_SET_GAIN,,uint8_t,0=omega@@ 1=att,uint8_t,0=X@@ 1=Y@@ 2=Z,float,P_gain,float,I_gain,float,D_gain,,,太陽補足制御のゲイン設定,
FALSE,CDH,AOBC,APP_SUN_POINTING_SAVE_GAIN,,,,,,,,,,,,,,太陽補足制御ゲインを制御に使い始める,
FALSE,CDH,AOBC,APP_SUN_POINTING_SET_FEEDBACK_LIMIT_PARAMS,,float,angle_limit_rad,float,rate_limit_rad_s,float,integ_angle_limit_rad,float,angle_to_run_integ_rad,float,integ_permission_angle_rad,,,,
FALSE,CDH,AOBC,APP_SUN_POINTING_SET_LPF_PARAMS,,float,sample_freq_hz,float,cutoff_freq_hz,float,damping_factor,float,cutoff_freq_axis_hz,float,cutoff_freq_spin_rate_hz,,,,
FALSE,CDH,AOBC,APP_SUN_POINTING_SET_ANTI_INTOXICATION_PARAMS,,float,error_ratio_transient,float,gain_transient,float,error_ratio_stable,float,gain_stable,float,threshold_angle_stable_rad,,,,
FALSE,CDH,AOBC,APP_TAC_MTQ_SET_GAIN,,uint8_t,0=omega@@ 1=att,uint8_t,0=X@@ 1=Y@@ 2=Z,float,P_gain,float,I_gain,float,D_gain,,,MTQ三軸制御のゲイン設定,
FALSE,CDH,AOBC,APP_TAC_MTQ_SAVE_GAIN,,,,,,,,,,,,,,MTQ三軸制御ゲインを制御に使い始める,
FALSE,CDH,AOBC,APP_TAC_MTQ_SET_FEEDBACK_LIMIT_PARAMS,,float,angle_limit_rad,float,rate_limit_rad_s,float,integ_angle_limit_rad,float,angle_to_run_integ_rad,,,,,,
FALSE,CDH,AOBC,APP_TAC_MTQ_SET_LPF_PARAMS,,float,sample_freq_hz,float,cutoff_freq_hz,float,damping_factor,,,,,,,,
FALSE,CDH,AOBC,APP_TAC_MTQ_SET_ANTI_INTOXICATION_PARAMS,,float,error_ratio_transient,float,gain_transient,float,error_ratio_stable,float,gain_stable,float,threshold_angle_stable_rad,,,,
FALSE,CDH,AOBC,APP_TAC_RW_SET_GAIN,,uint8_t,0=omega@@ 1=att,uint8_t,0=X@@ 1=Y@@ 2=Z,float,P_gain,float,I_gain,float,D_gain,,,RW三軸制御のゲイン設定,
FALSE,CDH,AOBC,APP_TAC_RW_SAVE_GAIN,,,,,,,,,,,,,,RW三軸制御ゲインを制御に使い始める,
FALSE,CDH,AOBC,APP_UNLOADING_SET_ENABLE,,uint8_t,0 = enable@@ 1 = disable,,,,,,,,,,,アンローディング制御を有効にするかどうかを設定する,
FALSE,CDH,AOBC,APP_UNLOADING_SET_ANGULAR_VELOCITY_THRESHOLD,,uint8_t,0=X@@ 1=Y@@ 2=Z,int16_t,angular_velocity_upper_threshold_rpm,int16_t,angular_velocity_target_rpm,int16_t,angular_velocity_lower_threshold_rpm,,,,,アンローディングの角速度閾値設定,
FALSE,CDH,AOBC,APP_UNLOADING_SET_CONTROL_GAIN,,float,control_gain  (negative value only),,,,,,,,,,,アンローディングのゲイン設定,
FALSE,CDH,AOBC,APP_TARGET_ATT_CALC_SET_MODE,,uint8_t,MANUAL=0@@ CALCULATION_FROM_ORBIT=1@@ INTERPOLATION=2,,,,,,,,,,,目標姿勢計算方法を設定する,
FALSE,CDH,AOBC,APP_TARGET_ATT_CALC_ENABLE,,uint8_t,DISABLE=0@@ ENABLE=1,,,,,,,,,,,計算した目標Quaternionをaocs_managerに反映するか設定する,
FALSE,CDH,AOBC,APP_TAFO_SET_MAIN_TARGET_DIRECTION,,uint8_t,SUN=0@@ SAT_VELOCITY=1@@ EARTH_CENTER=2@@ EARTH_SURFACE=3@@ ORBIT_NORMAL=4@@ GROUND_SPEED=5,float,vec_to_main_tareget_x,float,vec_to_main_tareget_y,float,vec_to_main_tareget_z,,,,,目標方向（main）を設定する,
FALSE,CDH,AOBC,APP_TAFO_SET_SUB_TARGET_DIRECTION,,uint8_t,SUN=0@@ SAT_VELOCITY=1@@ EARTH_CENTER=2@@ EARTH_SURFACE=3@@ ORBIT_NORMAL=4@@ GROUND_SPEED=5,float,vec_to_sub_tareget_x,float,vec_to_sub_tareget_y,float,vec_to_sub_tareget_z,,,,,目標方向（sub）を設定する,
FALSE,CDH,AOBC,APP_TAFO_SET_OFFSET_ANGLE_AND_AXIS,,uint8_t,+X=0@@ +Y=1@@ +Z=2,float,offset_angle_deg,,,,,,,,,目標姿勢に対するオフセット角（-180deg ~ +180deg）を設定する,
FALSE,CDH,AOBC,APP_TAFO_SET_TARGET_LLA,,float,latitude_deg,float,longitude_deg,float,altitude_m,,,,,,,目標地表点の緯度経度高度(-90deg ~ +90deg@@ -180deg ~ +180deg@@ 0m ~)を設定する,
FALSE,CDH,AOBC,APP_QI_SET_NEXT_TARGET_QUATERNION,,uint32_t,attitude_changed_ti,float,q_i2t_vec_0,float,q_i2t_vec_1,float,q_i2t_vec_2,float,q_i2t_scalar,,,目標Quaternionを設定する,
FALSE,CDH,AOBC,APP_QI_SET_PREV_TARGET_QUATERNION,,uint8_t,CURRENT_ATTITUDE=0@@ ARBITRARY_ATTITUDE=1,uint32_t,attitude_changed_ti,float,q_i2t_vec_0,float,q_i2t_vec_1,float,q_i2t_vec_2,float,q_i2t_scalar,内挿計算の始点となるQuaternionを設定する,
FALSE,CDH,AOBC,APP_QI_SET_NEXT_TARGET_QUATERNION_JDAY,,double,attitude_changed_jday,float,q_i2t_vec_0,float,q_i2t_vec_1,float,q_i2t_vec_2,float,q_i2t_scalar,,,目標Quaternionをユリウス日で設定する,
FALSE,CDH,AOBC,APP_QI_RESET_TARGET_QUATERNION,,,,,,,,,,,,,,目標Quaternionをリセットする,
FALSE,CDH,AOBC,APP_TARGET_ATT_CALC_SET_LPF_ANGULAR_VELOCITY,,float,sampling freq Hz,float,cut off freq Hz,,,,,,,,,目標姿勢計算時に計算される角速度に対するLPF設定,
FALSE,CDH,AOBC,APP_TIME_SPACE_CALC_SET_OFFSET_TIME,,float,offset_time [sec],,,,,,,,,,,計算結果を使用する時刻と実行時刻の間のオフセット設定,
FALSE,CDH,AOBC,APP_AOCS_MANAGER_SET_MASS,,float,mass_kg,,,,,,,,,,,衛星質量を設定する,
FALSE,CDH,AOBC,APP_AOCS_MANAGER_SET_INERTIA_TENSOR,,float,Ixx_kgm2,float,Iyy_kgm2,float,Izz_kgm2,float,Ixy_kgm2,float,Ixz_kgm2,float,Iyz_kgm2,衛星慣性テンソルを設定する,
FALSE,CDH,AOBC,APP_AOCS_MANAGER_SET_RMM,,float,RMM_X_Am2,float,RMM_Y_Am2,float,RMM_Z_Am2,,,,,,,衛星残留磁気モーメントを設定する,
FALSE,CDH,AOBC,APP_AOCS_MANAGER_SET_TARGET_QUATERNION,,float,q_i2t_x,float,q_i2t_y,float,q_i2t_z,float,q_i2t_w,,,,,目標Quaternionを設定する,
FALSE,CDH,AOBC,APP_AOCS_MANAGER_SET_TARGET_QUATERNION_FROM_CURRENT_ATTITUDE,,uint8_t,Axis 0=X@@ 1=Y@@ 2=Z,float,angle_deg(-180~180),,,,,,,,,現在の推定Quaternionをもとに目標Quaternionを設定する,
FALSE,CDH,AOBC,APP_AOCS_MANAGER_SET_LIMIT_MANEUVER_ANGLE,,float,angle_deg(0~180),,,,,,,,,,,目標Quaternion設定時の姿勢変更角度制限を設定する,
FALSE,CDH,AOBC,APP_AOCS_MANAGER_SET_LIMIT_ANGULAR_VELOCITY,,float,angular_velocity_deg_s(0~),,,,,,,,,,,目標角速度制限を設定する,
FALSE,CDH,AOBC,APP_AOCS_MANAGER_SET_REFERENCE_TIME,,double,reference_time_jday,,,,,,,,,,,参照絶対時刻を設定する（TLCで設定すること推奨）,
FALSE,CDH,AOBC,APP_AOCS_MANAGER_SET_CONSTANT_TORQUE,,float,torque_body_x,float,torque_body_y,float,torque_body_z,,,,,,,一定出力トルクを設定する,
FALSE,CDH,AOBC,APP_AOCS_MANAGER_SET_CONSTANT_TORQUE_PERMISSION,,uint8_t,0=DISABLE@@ 1=ENABLE,,,,,,,,,,,一定出力トルクの出力許可フラグを設定する,
FALSE,CDH,AOBC,APP_AOCS_MANAGER_SET_MAX_IN_TORQUE,,float,max_torque_x (>0),float,max_torque_y (>0),float,max_torque_z (>0),,,,,,,内部トルク最大出力制限の設定,
FALSE,CDH,AOBC,APP_AOCS_MANAGER_SET_MAX_EXT_TORQUE,,float,max_torque_x (>0),float,max_torque_y (>0),float,max_torque_z (>0),,,,,,,外部トルク最大出力制限の設定,
FALSE,CDH,AOBC,APP_ORBIT_CALC_SET_METHOD,,uint8_t,0=Kepler; 1=SGP4; 2=Kepler+GPSR; 3=EKF,,,,,,,,,,,軌道伝搬則の選択,
FALSE,CDH,AOBC,APP_ORBIT_CALC_SET_GPSR_UPDATE,,uint8_t,0=disable; 1=enable,,,,,,,,,,,GPSRテレメを用いたKepler軌道伝播を有効にする,
FALSE,CDH,AOBC,APP_KOP_SET_ORBIT_ELEMENTS,,float,semi_major [km],float,eccentricity,float,inclination [rad],float,raan [rad],float,arg_perigee [rad],double,epoch [jday],Kepler軌道伝搬の軌道要素設定,
FALSE,CDH,AOBC,APP_KOP_SAVE_ORBIT_ELEMENTS,,,,,,,,,,,,,,上で設定した軌道要素を使って伝搬計算を始める,
FALSE,CDH,AOBC,APP_SGP4_SET_TLE_LINE1,,uint8_t,epoch_year,double,epoch_day,float,b_star,,,,,,,SGP4軌道伝搬のTLE１行目設定,
FALSE,CDH,AOBC,APP_SGP4_SET_TLE_LINE2,,float,inclination [deg],float,raan [deg],float,eccentricity,float,arg_peri [deg],float,mean_ano [deg],float,mean_motion [rpd],SGP4軌道伝搬のTLE2行目設定,
FALSE,CDH,AOBC,APP_SGP4_SAVE_TLE,,,,,,,,,,,,,,上で設定したTLEを使って伝搬計算を始める,
FALSE,CDH,AOBC,APP_GPSROP_SET_ORBIT_ELEMENTS_THRESHOLD,,uint8_t,oe_id 0=a[km]@@ 1=e@@ 2=i[rad]@@ 3=raan[rad]@@ 4=arg_perigee[rad]@@ 5=epoch[jday],double,value,,,,,,,,,GPSRテレメを用いた軌道要素更新の更新幅閾値を設定する,
FALSE,CDH,AOBC,APP_SUN_POINTING_SET_TARGET,,float,directional_vector_Xb[-],float,directional_vector_Yb[-],float,directional_vector_Zb[-],float,spin_rate [rad/s],,,,,太陽指向時させたい機体軸方向とその軸周りの回転レートを変更,
FALSE,CDH,AOBC,DI_OEM7600_SET_UART_BAUDRATE,,uint8_t,oem_id,uint32_t,baudrate,uint8_t,0=AOBC@@ 1=GPSR,,,,,,,OEM7600のBaudRate変更,
