TRUE,45,OBC,,,,,,,,,,,,,
subsystem,name,type,bit,var,conv,a0,a1,a2,a3,a4,a5,status,description,note,priority
,PH.VER,_uint16_t,3,,NONE,,,,,,,,,,
,PH.TYPE,,1,,NONE,,,,,,,,,,
,PH.SH_FLAG,,1,,NONE,,,,,,,,,,
,PH.APID,,11,,NONE,,,,,,,,,,
,PH.SEQ_FLAG,_uint16_t,2,,NONE,,,,,,,,,,
,PH.SEQ_COUNT,,14,,NONE,,,,,,,,,,
,PH.PACKET_LEN,uint16_t,,,NONE,,,,,,,,,,
,SH.VER,uint8_t,,,NONE,,,,,,,,,,
,SH.TI,uint32_t,,,NONE,,,,,,,,,,
,SH.TLM_ID,uint8_t,,,HEX,,,,,,,,,,
,SH.GLOBAL_TIME,double,,,NONE,,,,,,,,,,
,SH.ON_BOARD_SUBNET_TIME,uint32_t,,,NONE,,,,,,,,,,
,SH.DEST_FLAGS,uint8_t,,,HEX,,,,,,,,,,
,SH.DEST_INFO,uint8_t,,,NONE,,,,,,,,,,
,MASS_kg,float,,(float)(aocs_manager->mass_sc_kg),NONE,,,,,,,,衛星質量 [kg],,
,SC_RMM_BODY.X_Am2,float,,(float)(aocs_manager->rmm_sc_body_Am2[0]),NONE,,,,,,,,機体固定X軸衛星残留磁気モーメント [Am2],,
,SC_RMM_BODY.Y_Am2,float,,(float)(aocs_manager->rmm_sc_body_Am2[1]),NONE,,,,,,,,機体固定Y軸衛星残留磁気モーメント [Am2],,
,SC_RMM_BODY.Z_Am2,float,,(float)(aocs_manager->rmm_sc_body_Am2[2]),NONE,,,,,,,,機体固定Z軸衛星残留磁気モーメント [Am2],,
,INERTIA_TENSOR_BODY.XX_kgm2,float,,(float)(aocs_manager->inertia_tensor_sc_body_kgm2[0][0]),NONE,,,,,,,,機体固定X軸慣性テンソル [kgm2],,
,INERTIA_TENSOR_BODY.YY_kgm2,float,,(float)(aocs_manager->inertia_tensor_sc_body_kgm2[1][1]),NONE,,,,,,,,機体固定Y軸慣性テンソル [kgm2],,
,INERTIA_TENSOR_BODY.ZZ_kgm2,float,,(float)(aocs_manager->inertia_tensor_sc_body_kgm2[2][2]),NONE,,,,,,,,機体固定Z軸慣性テンソル [kgm2],,
,INERTIA_TENSOR_BODY.XY_kgm2,float,,(float)(aocs_manager->inertia_tensor_sc_body_kgm2[0][1]),NONE,,,,,,,,機体固定X^Y軸慣性テンソル [kgm2],,
,INERTIA_TENSOR_BODY.XZ_kgm2,float,,(float)(aocs_manager->inertia_tensor_sc_body_kgm2[0][2]),NONE,,,,,,,,機体固定X-Z軸慣性テンソル [kgm2],,
,INERTIA_TENSOR_BODY.YZ_kgm2,float,,(float)(aocs_manager->inertia_tensor_sc_body_kgm2[1][2]),NONE,,,,,,,,機体固定Y-Z軸慣性テンソル [kgm2],,
,ANG_MOM_EST_BODY.X_Nms,float,,(float)(aocs_manager->ang_mom_est_body_Nms[0]),NONE,,,,,,,,機体固定X軸角運動量 [Nms],,
,ANG_MOM_EST_BODY.Y_Nms,float,,(float)(aocs_manager->ang_mom_est_body_Nms[1]),NONE,,,,,,,,機体固定Y軸角運動量 [Nms],,
,ANG_MOM_EST_BODY.Z_Nms,float,,(float)(aocs_manager->ang_mom_est_body_Nms[2]),NONE,,,,,,,,機体固定Z軸角運動量 [Nms],,
,LIMIT.MANEUVER_ANGLE_deg,float,,(float)(aocs_manager->limit_maneuver_angle_rad),POLY,0,57.324,,,,,,姿勢変更制限角度[deg],,
,LIMIT.ANGULAR_VELOCITY_deg_s,float,,(float)(aocs_manager->limit_angular_velocity_rad_s),POLY,0,57.324,,,,,,姿勢変更制限角速度[deg],,
,REFERENCE.TIME_jday,double,,(double)(aocs_manager->reference_jday),NONE,,,,,,,,参照時刻（ユリウス日）,,
,REFERENCE.OBCT_TOTAL_CYCLE,uint32_t,,(uint32_t)(aocs_manager->obct_reference.total_cycle),NONE,,,,,,,,上の参照時刻に対応するOBCT,,
,IN_TORQUE_MAX_BODY.X_Nm,float,,(float)(aocs_manager->internal_torque_max_body_Nm[0]),NONE,,,,,,,,機体固定X軸内部トルク出力最大制限値 [Nm],,
,IN_TORQUE_MAX_BODY.Y_Nm,float,,(float)(aocs_manager->internal_torque_max_body_Nm[1]),NONE,,,,,,,,機体固定Y軸内部トルク出力最大制限値 [Nm],,
,IN_TORQUE_MAX_BODY.Z_Nm,float,,(float)(aocs_manager->internal_torque_max_body_Nm[2]),NONE,,,,,,,,機体固定Z軸内部トルク出力最大制限値 [Nm],,
,EXT_TORQUE_MAX_BODY.X_Nm,float,,(float)(aocs_manager->external_torque_max_body_Nm[0]),NONE,,,,,,,,機体固定X軸外部トルク出力最大制限値 [Nm],,
,EXT_TORQUE_MAX_BODY.Y_Nm,float,,(float)(aocs_manager->external_torque_max_body_Nm[1]),NONE,,,,,,,,機体固定Y軸外部トルク出力最大制限値 [Nm],,
,EXT_TORQUE_MAX_BODY.Z_Nm,float,,(float)(aocs_manager->external_torque_max_body_Nm[2]),NONE,,,,,,,,機体固定Z軸外部トルク出力最大制限値 [Nm],,
,RW.X_ROTATION_DIRECTION_BODY.X,float,,(float)(aocs_manager->rw_rotation_direction_matrix[0][0]),NONE,,,,,,,,RWX回転方向ベクトル機体固定X成分,,
,RW.X_ROTATION_DIRECTION_BODY.Y,float,,(float)(aocs_manager->rw_rotation_direction_matrix[0][1]),NONE,,,,,,,,RWX回転方向ベクトル機体固定Y成分,,
,RW.X_ROTATION_DIRECTION_BODY.Z,float,,(float)(aocs_manager->rw_rotation_direction_matrix[0][2]),NONE,,,,,,,,RWX回転方向ベクトル機体固定Z成分,,
,RW.Y_ROTATION_DIRECTION_BODY.X,float,,(float)(aocs_manager->rw_rotation_direction_matrix[1][0]),NONE,,,,,,,,RWY回転方向ベクトル機体固定X成分,,
,RW.Y_ROTATION_DIRECTION_BODY.Y,float,,(float)(aocs_manager->rw_rotation_direction_matrix[1][1]),NONE,,,,,,,,RWY回転方向ベクトル機体固定Y成分,,
,RW.Y_ROTATION_DIRECTION_BODY.Z,float,,(float)(aocs_manager->rw_rotation_direction_matrix[1][2]),NONE,,,,,,,,RWY回転方向ベクトル機体固定Z成分,,
,RW.Z_ROTATION_DIRECTION_BODY.X,float,,(float)(aocs_manager->rw_rotation_direction_matrix[2][0]),NONE,,,,,,,,RWZ回転方向ベクトル機体固定X成分,,
,RW.Z_ROTATION_DIRECTION_BODY.Y,float,,(float)(aocs_manager->rw_rotation_direction_matrix[2][1]),NONE,,,,,,,,RWZ回転方向ベクトル機体固定Y成分,,
,RW.Z_ROTATION_DIRECTION_BODY.Z,float,,(float)(aocs_manager->rw_rotation_direction_matrix[2][2]),NONE,,,,,,,,RWZ回転方向ベクトル機体固定Z成分,,
,MTQ.X_MAG_MOMENT_DIRECTION_BODY.X,float,,(float)(aocs_manager->mtq_magnetic_moment_direction_matrix[0][0]),NONE,,,,,,,,MTQX磁気モーメント方向ベクトル機体固定X成分,,
,MTQ.X_MAG_MOMENT_DIRECTION_BODY.Y,float,,(float)(aocs_manager->mtq_magnetic_moment_direction_matrix[0][1]),NONE,,,,,,,,MTQX磁気モーメント方向ベクトル機体固定Y成分,,
,MTQ.X_MAG_MOMENT_DIRECTION_BODY.Z,float,,(float)(aocs_manager->mtq_magnetic_moment_direction_matrix[0][2]),NONE,,,,,,,,MTQX磁気モーメント方向ベクトル機体固定Z成分,,
,MTQ.Y_MAG_MOMENT_DIRECTION_BODY.X,float,,(float)(aocs_manager->mtq_magnetic_moment_direction_matrix[1][0]),NONE,,,,,,,,MTQY磁気モーメント方向ベクトル機体固定X成分,,
,MTQ.Y_MAG_MOMENT_DIRECTION_BODY.Y,float,,(float)(aocs_manager->mtq_magnetic_moment_direction_matrix[1][1]),NONE,,,,,,,,MTQY磁気モーメント方向ベクトル機体固定Y成分,,
,MTQ.Y_MAG_MOMENT_DIRECTION_BODY.Z,float,,(float)(aocs_manager->mtq_magnetic_moment_direction_matrix[1][2]),NONE,,,,,,,,MTQY磁気モーメント方向ベクトル機体固定Z成分,,
,MTQ.Z_MAG_MOMENT_DIRECTION_BODY.X,float,,(float)(aocs_manager->mtq_magnetic_moment_direction_matrix[2][0]),NONE,,,,,,,,MTQZ磁気モーメント方向ベクトル機体固定X成分,,
,MTQ.Z_MAG_MOMENT_DIRECTION_BODY.Y,float,,(float)(aocs_manager->mtq_magnetic_moment_direction_matrix[2][1]),NONE,,,,,,,,MTQZ磁気モーメント方向ベクトル機体固定Y成分,,
,MTQ.Z_MAG_MOMENT_DIRECTION_BODY.Z,float,,(float)(aocs_manager->mtq_magnetic_moment_direction_matrix[2][2]),NONE,,,,,,,,MTQZ磁気モーメント方向ベクトル機体固定Z成分,,
,CONST_TORQUE.PERMISSION,uint8_t,,(uint8_t)(aocs_manager->constant_torque_permission),STATUS,,,,,,,"0=DISABLE, 1=ENABLE, *=NA",固定トルク出力許可・不許可フラグ,,
,CONST_TORQUE.BODY_X_Nm,float,,(float)(aocs_manager->constant_torque_body_Nm[0]),NONE,,,,,,,,固定トルク機体固定座標系_X,,
,CONST_TORQUE.BODY_Y_Nm,float,,(float)(aocs_manager->constant_torque_body_Nm[1]),NONE,,,,,,,,固定トルク機体固定座標系_Y,,
,CONST_TORQUE.BODY_Z_Nm,float,,(float)(aocs_manager->constant_torque_body_Nm[2]),NONE,,,,,,,,固定トルク機体固定座標系_Z,,
,TIME_SPACE_OFFSET_TIME_s,float,,(float)(time_space_calculator->offset_sec),NONE,,,,,,,,計算結果を使用する時刻と実行時刻の間のオフセット,,
