TRUE,33,OBC,,,,,,,,,,,,,
subsystem,name,type,bit,var,conv,a0,a1,a2,a3,a4,a5,status,description,note,priority
,PH.VER,_uint16_t,3,,NONE,,,,,,,,,,
,PH.TYPE,,1,,NONE,,,,,,,,,,
,PH.SH_FLAG,,1,,NONE,,,,,,,,,,
,PH.APID,,11,,NONE,,,,,,,,,,
,PH.SEQ_FLAG,_uint16_t,2,,NONE,,,,,,,,,,
,PH.SEQ_COUNT,,14,,NONE,,,,,,,,,,
,PH.PACKET_LEN,uint16_t,,,NONE,,,,,,,,,,
,SH.VER,uint8_t,,,NONE,,,,,,,,,,
,SH.TI,uint32_t,,,NONE,,,,,,,,,,
,SH.TLM_ID,uint8_t,,,HEX,,,,,,,,,,
,SH.GLOBAL_TIME,double,,,NONE,,,,,,,,,,
,SH.ON_BOARD_SUBNET_TIME,uint32_t,,,NONE,,,,,,,,,,
,SH.DEST_FLAGS,uint8_t,,,HEX,,,,,,,,,,
,SH.DEST_INFO,uint8_t,,,NONE,,,,,,,,,,
,ROUGH.GYRO_ANG_VEL_BODY_X_rad/s,float,,(float)(mpu9250_driver[MPU9250_IDX_ON_AOBC]->info.ang_vel_body_rad_s[0]),NONE,,,,,,,,AOBC搭載MPU9250での角速度測定値（コンポ座標X）,,
,ROUGH.GYRO_ANG_VEL_BODY_Y_rad/s,float,,(float)(mpu9250_driver[MPU9250_IDX_ON_AOBC]->info.ang_vel_body_rad_s[1]),NONE,,,,,,,,AOBC搭載MPU9250での角速度測定値（コンポ座標Y）,,
,ROUGH.GYRO_ANG_VEL_BODY_Z_rad/s,float,,(float)(mpu9250_driver[MPU9250_IDX_ON_AOBC]->info.ang_vel_body_rad_s[2]),NONE,,,,,,,,AOBC搭載MPU9250での角速度測定値（コンポ座標Z）,,
,ROUGH.MAG_BODY_X_nT,float,,(float)(mpu9250_driver[MPU9250_IDX_ON_AOBC]->info.mag_body_nT[0]),NONE,,,,,,,,AOBC搭載MPU9250での磁場測定値（コンポ座標X）,,
,ROUGH.MAG_BODY_Y_nT,float,,(float)(mpu9250_driver[MPU9250_IDX_ON_AOBC]->info.mag_body_nT[1]),NONE,,,,,,,,AOBC搭載MPU9250での磁場測定値（コンポ座標Y）,,
,ROUGH.MAG_BODY_Z_nT,float,,(float)(mpu9250_driver[MPU9250_IDX_ON_AOBC]->info.mag_body_nT[2]),NONE,,,,,,,,AOBC搭載MPU9250での磁場測定値（コンポ座標Z）,,
,FINE_MAG.AOBC_BODY_X_nT,float,,(float)(rm3100_driver[RM3100_IDX_ON_AOBC]->info.mag_body_nT[0]),NONE,,,,,,,,AOBC搭載RM3100での磁場測定値（コンポ座標X）,,
,FINE_MAG.AOBC_BODY_Y_nT,float,,(float)(rm3100_driver[RM3100_IDX_ON_AOBC]->info.mag_body_nT[1]),NONE,,,,,,,,AOBC搭載RM3100での磁場測定値（コンポ座標Y）,,
,FINE_MAG.AOBC_BODY_Z_nT,float,,(float)(rm3100_driver[RM3100_IDX_ON_AOBC]->info.mag_body_nT[2]),NONE,,,,,,,,AOBC搭載RM3100での磁場測定値（コンポ座標Z）,,
,FINE_MAG.EXT_BODY_X_nT,float,,(float)(rm3100_driver[RM3100_IDX_EXTERNAL]->info.mag_body_nT[0]),NONE,,,,,,,,外部搭載RM3100での磁場測定値（コンポ座標X）,,
,FINE_MAG.EXT_BODY_Y_nT,float,,(float)(rm3100_driver[RM3100_IDX_EXTERNAL]->info.mag_body_nT[1]),NONE,,,,,,,,外部搭載RM3100での磁場測定値（コンポ座標Y）,,
,FINE_MAG.EXT_BODY_Z_nT,float,,(float)(rm3100_driver[RM3100_IDX_EXTERNAL]->info.mag_body_nT[2]),NONE,,,,,,,,外部搭載RM3100での磁場測定値（コンポ座標Z）,,
,FINE_GYRO.OPERATION_MODE,uint8_t,,(uint8_t)(stim210_driver[STIM210_IDX_IN_UNIT]->info.operation_mode),STATUS,,,,,,,"0=INIT, 1=NORMAL, 2=SERVICE",STIM210の運用モード,,
,FINE_GYRO.ANG_VEL_BODY_X_rad/s,float,,(float)(stim210_driver[STIM210_IDX_IN_UNIT]->info.ang_vel_body_rad_sec[0]),NONE,,,,,,,,STIM210での角速度測定値（コンポ座標X軸）,,
,FINE_GYRO.ANG_VEL_BODY_Y_rad/s,float,,(float)(stim210_driver[STIM210_IDX_IN_UNIT]->info.ang_vel_body_rad_sec[1]),NONE,,,,,,,,STIM210での角速度測定値（コンポ座標Y軸）,,
,FINE_GYRO.ANG_VEL_BODY_Z_rad/s,float,,(float)(stim210_driver[STIM210_IDX_IN_UNIT]->info.ang_vel_body_rad_sec[2]),NONE,,,,,,,,STIM210での角速度測定値（コンポ座標Z軸）,,
,SS.IDX_0.SUN_INTENSITY_PERCENT,float,,(float)(nanossoc_d60_driver[NANOSSOC_D60_IDX_0]->info.sun_intensity_percent),NONE,,,,,,,,太陽定数と比較した受光強度,,
,SS.IDX_0.ERROR_CODE,uint8_t,,(float)(nanossoc_d60_driver[NANOSSOC_D60_IDX_0]->info.err_code),STATUS,,,,,,,"0=OK, 10=LowIntensity, 11=Albedo, 12=HighIntensity, 13=OutOfFov, *=Undefined",エラーコード,,
,SS.IDX_1.SUN_INTENSITY_PERCENT,float,,(float)(nanossoc_d60_driver[NANOSSOC_D60_IDX_1]->info.sun_intensity_percent),NONE,,,,,,,,太陽定数と比較した受光強度,,
,SS.IDX_1.ERROR_CODE,uint8_t,,(float)(nanossoc_d60_driver[NANOSSOC_D60_IDX_1]->info.err_code),STATUS,,,,,,,"0=OK, 10=LowIntensity, 11=Albedo, 12=HighIntensity, 13=OutOfFov, *=Undefined",エラーコード,,
,SS.IDX_2.SUN_INTENSITY_PERCENT,float,,(float)(nanossoc_d60_driver[NANOSSOC_D60_IDX_2]->info.sun_intensity_percent),NONE,,,,,,,,太陽定数と比較した受光強度,,
,SS.IDX_2.ERROR_CODE,uint8_t,,(float)(nanossoc_d60_driver[NANOSSOC_D60_IDX_2]->info.err_code),STATUS,,,,,,,"0=OK, 10=LowIntensity, 11=Albedo, 12=HighIntensity, 13=OutOfFov, *=Undefined",エラーコード,,
,SS.IDX_3.SUN_INTENSITY_PERCENT,float,,(float)(nanossoc_d60_driver[NANOSSOC_D60_IDX_3]->info.sun_intensity_percent),NONE,,,,,,,,太陽定数と比較した受光強度,,
,SS.IDX_3.ERROR_CODE,uint8_t,,(float)(nanossoc_d60_driver[NANOSSOC_D60_IDX_3]->info.err_code),STATUS,,,,,,,"0=OK, 10=LowIntensity, 11=Albedo, 12=HighIntensity, 13=OutOfFov, *=Undefined",エラーコード,,
,SS.IDX_4.SUN_INTENSITY_PERCENT,float,,(float)(nanossoc_d60_driver[NANOSSOC_D60_IDX_4]->info.sun_intensity_percent),NONE,,,,,,,,太陽定数と比較した受光強度,,
,SS.IDX_4.ERROR_CODE,uint8_t,,(float)(nanossoc_d60_driver[NANOSSOC_D60_IDX_4]->info.err_code),STATUS,,,,,,,"0=OK, 10=LowIntensity, 11=Albedo, 12=HighIntensity, 13=OutOfFov, *=Undefined",エラーコード,,
,SS.IDX_5.SUN_INTENSITY_PERCENT,float,,(float)(nanossoc_d60_driver[NANOSSOC_D60_IDX_5]->info.sun_intensity_percent),NONE,,,,,,,,太陽定数と比較した受光強度,,
,SS.IDX_5.ERROR_CODE,uint8_t,,(float)(nanossoc_d60_driver[NANOSSOC_D60_IDX_5]->info.err_code),STATUS,,,,,,,"0=OK, 10=LowIntensity, 11=Albedo, 12=HighIntensity, 13=OutOfFov, *=Undefined",エラーコード,,
,STT.UNIXTIME_ms,uint32_t,,(uint32_t)(sagitta_driver[SAGITTA_IDX_IN_UNIT]->info.unix_time_ms),NONE,,,,,,,,Sagitta出力時間,,
,STT.QUATERNION_STATUS,uint8_t,,(uint8_t)(sagitta_driver[SAGITTA_IDX_IN_UNIT]->info.telemetry.solution.is_valid_quaternion),NONE,,,,,,,,Sagitta計測ステータス,,
,STT.NUM_STAR.CENTROIDED,uint8_t,,(uint8_t)(sagitta_driver[SAGITTA_IDX_IN_UNIT]->info.telemetry.solution.num_stars_centroided),NONE,,,,,,,,Sagittaセントロイドされた星の数,,
,STT.NUM_STAR.MATCHED,uint8_t,,(uint8_t)(sagitta_driver[SAGITTA_IDX_IN_UNIT]->info.telemetry.solution.num_stars_matched),NONE,,,,,,,,Sagitta同定された星の数,,
,STT.STABLE_COUNT,uint32_t,,(uint32_t)(sagitta_driver[SAGITTA_IDX_IN_UNIT]->info.telemetry.solution.stable_count),NONE,,,,,,,,Sagitta連続で姿勢決定できた回数,,
,STT.QUATERNION_I2B_X,float,,(float)(sagitta_driver[SAGITTA_IDX_IN_UNIT]->info.quaternion_i2b.vector_part[0]),NONE,,,,,,,,Sagitta計測Q_i2c X,,
,STT.QUATERNION_I2B_Y,float,,(float)(sagitta_driver[SAGITTA_IDX_IN_UNIT]->info.quaternion_i2b.vector_part[1]),NONE,,,,,,,,Sagitta計測Q_i2c Y,,
,STT.QUATERNION_I2B_Z,float,,(float)(sagitta_driver[SAGITTA_IDX_IN_UNIT]->info.quaternion_i2b.vector_part[2]),NONE,,,,,,,,Sagitta計測Q_i2c Z,,
,STT.QUATERNION_I2B_W,float,,(float)(sagitta_driver[SAGITTA_IDX_IN_UNIT]->info.quaternion_i2b.scalar_part),NONE,,,,,,,,Sagitta計測Q_i2c W,,
,GPS_R.GPS_TIME_week,uint16_t,,(uint16_t)(oem7600_driver[OEM7600_IDX_IN_UNIT]->info.times.gps_time_week),NONE,,,,,,,,OEM計測GPS time [week],,
,GPS_R.GPS_TIME_msec,uint32_t,,(uint32_t)(oem7600_driver[OEM7600_IDX_IN_UNIT]->info.times.gps_time_ms),NONE,,,,,,,,OEM計測GPS time [ms],,
,GPS_R.TLM_RECEIVED_TI,uint32_t,,(uint32_t)(oem7600_driver[OEM7600_IDX_IN_UNIT]->info.times.tlm_received_aobc_time),NONE,,,,,,,,OEM計測値受信時TI [count],,
,GPS_R.VISIBLE_SAT,uint8_t,,(uint8_t)(oem7600_driver[OEM7600_IDX_IN_UNIT]->info.num_of_visible_sats),NONE,,,,,,,,OEM計測可視衛星数,,
,GPS_R.POS_ECEF_X_m,double,,(double)(oem7600_driver[OEM7600_IDX_IN_UNIT]->info.pos_antenna_ecef_m[0]),NONE,,,,,,,,OEM計測位置ECEF座標 X [km],,
,GPS_R.POS_ECEF_Y_m,double,,(double)(oem7600_driver[OEM7600_IDX_IN_UNIT]->info.pos_antenna_ecef_m[1]),NONE,,,,,,,,OEM計測位置ECEF座標 Y [km],,
,GPS_R.POS_ECEF_Z_m,double,,(double)(oem7600_driver[OEM7600_IDX_IN_UNIT]->info.pos_antenna_ecef_m[2]),NONE,,,,,,,,OEM計測位置ECEF座標 Z [km],,
,GPS_R.VEL_ECEF_X_m/s,double,,(double)(oem7600_driver[OEM7600_IDX_IN_UNIT]->info.vel_antenna_ecef_m_s[0]),NONE,,,,,,,,OEM計測速度ECEF座標 X [km/s],,
,GPS_R.VEL_ECEF_Y_m/s,double,,(double)(oem7600_driver[OEM7600_IDX_IN_UNIT]->info.vel_antenna_ecef_m_s[1]),NONE,,,,,,,,OEM計測速度ECEF座標 Y [km/s],,
,GPS_R.VEL_ECEF_Z_m/s,double,,(double)(oem7600_driver[OEM7600_IDX_IN_UNIT]->info.vel_antenna_ecef_m_s[2]),NONE,,,,,,,,OEM計測速度ECEF座標 Z [km/s],,
,RW.X_SPEED_rad/s,float,,(float)(rw0003_driver[RW0003_IDX_ON_X]->info.speed_rad_s),NONE,,,,,,,,RW0003_Xの角速度 [rad/s],,
,RW.Y_SPEED_rad/s,float,,(float)(rw0003_driver[RW0003_IDX_ON_Y]->info.speed_rad_s),NONE,,,,,,,,RW0003_Yの角速度 [rad/s],,
,RW.Z_SPEED_rad/s,float,,(float)(rw0003_driver[RW0003_IDX_ON_Z]->info.speed_rad_s),NONE,,,,,,,,RW0003_Zの角速度 [rad/s],,
,MTQ.OUTPUT_DUTY_X_PERCENT,int8_t,,(int8_t)(mtq_seiren_controller->mtq_output_duty[MTQ_SEIREN_IDX_X]),NONE,,,,,,,,MTQ X の出力比 [percent],,
,MTQ.OUTPUT_DUTY_Y_PERCENT,int8_t,,(int8_t)(mtq_seiren_controller->mtq_output_duty[MTQ_SEIREN_IDX_Y]),NONE,,,,,,,,MTQ Y の出力比 [percent],,
,MTQ.OUTPUT_DUTY_Z_PERCENT,int8_t,,(int8_t)(mtq_seiren_controller->mtq_output_duty[MTQ_SEIREN_IDX_Z]),NONE,,,,,,,,MTQ Z の出力比 [percent],,
