TRUE,42,OBC,,,,,,,,,,,,,
subsystem,name,type,bit,var,conv,a0,a1,a2,a3,a4,a5,status,description,note,priority
,PH.VER,_uint16_t,3,,NONE,,,,,,,,,,
,PH.TYPE,,1,,NONE,,,,,,,,,,
,PH.SH_FLAG,,1,,NONE,,,,,,,,,,
,PH.APID,,11,,NONE,,,,,,,,,,
,PH.SEQ_FLAG,_uint16_t,2,,NONE,,,,,,,,,,
,PH.SEQ_COUNT,,14,,NONE,,,,,,,,,,
,PH.PACKET_LEN,uint16_t,,,NONE,,,,,,,,,,
,SH.VER,uint8_t,,,NONE,,,,,,,,,,
,SH.TI,uint32_t,,,NONE,,,,,,,,,,
,SH.TLM_ID,uint8_t,,,HEX,,,,,,,,,,
,SH.GLOBAL_TIME,double,,,NONE,,,,,,,,,,
,SH.ON_BOARD_SUBNET_TIME,uint32_t,,,NONE,,,,,,,,,,
,SH.DEST_FLAGS,uint8_t,,,HEX,,,,,,,,,,
,SH.DEST_INFO,uint8_t,,,NONE,,,,,,,,,,
#,TARGET10_TI,uint32_t,,(uint32_t)(quaternion_interpolator->target_list[10].attitude_changed_ti),NONE,,,,,,,,姿勢変更完了予定時刻,,
#,TARGET10_X,float,,(float)(quaternion_interpolator->target_list[10].quaternion_target_i2t.vector_part[0]),NONE,,,,,,,,目標Quaternion I2T X,,
#,TARGET10_Y,float,,(float)(quaternion_interpolator->target_list[10].quaternion_target_i2t.vector_part[1]),NONE,,,,,,,,目標Quaternion I2T Y,,
#,TARGET10_Z,float,,(float)(quaternion_interpolator->target_list[10].quaternion_target_i2t.vector_part[2]),NONE,,,,,,,,目標Quaternion I2T Z,,
#,TARGET10_W,float,,(float)(quaternion_interpolator->target_list[10].quaternion_target_i2t.scalar_part),NONE,,,,,,,,目標Quaternion I2T W,,
#,TARGET11_TI,uint32_t,,(uint32_t)(quaternion_interpolator->target_list[11].attitude_changed_ti),NONE,,,,,,,,姿勢変更完了予定時刻,,
#,TARGET11_X,float,,(float)(quaternion_interpolator->target_list[11].quaternion_target_i2t.vector_part[0]),NONE,,,,,,,,目標Quaternion I2T X,,
#,TARGET11_Y,float,,(float)(quaternion_interpolator->target_list[11].quaternion_target_i2t.vector_part[1]),NONE,,,,,,,,目標Quaternion I2T Y,,
#,TARGET11_Z,float,,(float)(quaternion_interpolator->target_list[11].quaternion_target_i2t.vector_part[2]),NONE,,,,,,,,目標Quaternion I2T Z,,
#,TARGET11_W,float,,(float)(quaternion_interpolator->target_list[11].quaternion_target_i2t.scalar_part),NONE,,,,,,,,目標Quaternion I2T W,,
#,TARGET12_TI,uint32_t,,(uint32_t)(quaternion_interpolator->target_list[12].attitude_changed_ti),NONE,,,,,,,,姿勢変更完了予定時刻,,
#,TARGET12_X,float,,(float)(quaternion_interpolator->target_list[12].quaternion_target_i2t.vector_part[0]),NONE,,,,,,,,目標Quaternion I2T X,,
#,TARGET12_Y,float,,(float)(quaternion_interpolator->target_list[12].quaternion_target_i2t.vector_part[1]),NONE,,,,,,,,目標Quaternion I2T Y,,
#,TARGET12_Z,float,,(float)(quaternion_interpolator->target_list[12].quaternion_target_i2t.vector_part[2]),NONE,,,,,,,,目標Quaternion I2T Z,,
#,TARGET12_W,float,,(float)(quaternion_interpolator->target_list[12].quaternion_target_i2t.scalar_part),NONE,,,,,,,,目標Quaternion I2T W,,
#,TARGET13_TI,uint32_t,,(uint32_t)(quaternion_interpolator->target_list[13].attitude_changed_ti),NONE,,,,,,,,姿勢変更完了予定時刻,,
#,TARGET13_X,float,,(float)(quaternion_interpolator->target_list[13].quaternion_target_i2t.vector_part[0]),NONE,,,,,,,,目標Quaternion I2T X,,
#,TARGET13_Y,float,,(float)(quaternion_interpolator->target_list[13].quaternion_target_i2t.vector_part[1]),NONE,,,,,,,,目標Quaternion I2T Y,,
#,TARGET13_Z,float,,(float)(quaternion_interpolator->target_list[13].quaternion_target_i2t.vector_part[2]),NONE,,,,,,,,目標Quaternion I2T Z,,
#,TARGET13_W,float,,(float)(quaternion_interpolator->target_list[13].quaternion_target_i2t.scalar_part),NONE,,,,,,,,目標Quaternion I2T W,,
#,TARGET14_TI,uint32_t,,(uint32_t)(quaternion_interpolator->target_list[14].attitude_changed_ti),NONE,,,,,,,,姿勢変更完了予定時刻,,
#,TARGET14_X,float,,(float)(quaternion_interpolator->target_list[14].quaternion_target_i2t.vector_part[0]),NONE,,,,,,,,目標Quaternion I2T X,,
#,TARGET14_Y,float,,(float)(quaternion_interpolator->target_list[14].quaternion_target_i2t.vector_part[1]),NONE,,,,,,,,目標Quaternion I2T Y,,
#,TARGET14_Z,float,,(float)(quaternion_interpolator->target_list[14].quaternion_target_i2t.vector_part[2]),NONE,,,,,,,,目標Quaternion I2T Z,,
#,TARGET14_W,float,,(float)(quaternion_interpolator->target_list[14].quaternion_target_i2t.scalar_part),NONE,,,,,,,,目標Quaternion I2T W,,
#,TARGET15_TI,uint32_t,,(uint32_t)(quaternion_interpolator->target_list[15].attitude_changed_ti),NONE,,,,,,,,姿勢変更完了予定時刻,,
#,TARGET15_X,float,,(float)(quaternion_interpolator->target_list[15].quaternion_target_i2t.vector_part[0]),NONE,,,,,,,,目標Quaternion I2T X,,
#,TARGET15_Y,float,,(float)(quaternion_interpolator->target_list[15].quaternion_target_i2t.vector_part[1]),NONE,,,,,,,,目標Quaternion I2T Y,,
#,TARGET15_Z,float,,(float)(quaternion_interpolator->target_list[15].quaternion_target_i2t.vector_part[2]),NONE,,,,,,,,目標Quaternion I2T Z,,
#,TARGET15_W,float,,(float)(quaternion_interpolator->target_list[15].quaternion_target_i2t.scalar_part),NONE,,,,,,,,目標Quaternion I2T W,,
#,TARGET16_TI,uint32_t,,(uint32_t)(quaternion_interpolator->target_list[16].attitude_changed_ti),NONE,,,,,,,,姿勢変更完了予定時刻,,
#,TARGET16_X,float,,(float)(quaternion_interpolator->target_list[16].quaternion_target_i2t.vector_part[0]),NONE,,,,,,,,目標Quaternion I2T X,,
#,TARGET16_Y,float,,(float)(quaternion_interpolator->target_list[16].quaternion_target_i2t.vector_part[1]),NONE,,,,,,,,目標Quaternion I2T Y,,
#,TARGET16_Z,float,,(float)(quaternion_interpolator->target_list[16].quaternion_target_i2t.vector_part[2]),NONE,,,,,,,,目標Quaternion I2T Z,,
#,TARGET16_W,float,,(float)(quaternion_interpolator->target_list[16].quaternion_target_i2t.scalar_part),NONE,,,,,,,,目標Quaternion I2T W,,
#,TARGET17_TI,uint32_t,,(uint32_t)(quaternion_interpolator->target_list[17].attitude_changed_ti),NONE,,,,,,,,姿勢変更完了予定時刻,,
#,TARGET17_X,float,,(float)(quaternion_interpolator->target_list[17].quaternion_target_i2t.vector_part[0]),NONE,,,,,,,,目標Quaternion I2T X,,
#,TARGET17_Y,float,,(float)(quaternion_interpolator->target_list[17].quaternion_target_i2t.vector_part[1]),NONE,,,,,,,,目標Quaternion I2T Y,,
#,TARGET17_Z,float,,(float)(quaternion_interpolator->target_list[7].quaternion_target_i2t.vector_part[2]),NONE,,,,,,,,目標Quaternion I2T Z,,
#,TARGET17_W,float,,(float)(quaternion_interpolator->target_list[17].quaternion_target_i2t.scalar_part),NONE,,,,,,,,目標Quaternion I2T W,,
#,TARGET18_TI,uint32_t,,(uint32_t)(quaternion_interpolator->target_list[18].attitude_changed_ti),NONE,,,,,,,,姿勢変更完了予定時刻,,
#,TARGET18_X,float,,(float)(quaternion_interpolator->target_list[18].quaternion_target_i2t.vector_part[0]),NONE,,,,,,,,目標Quaternion I2T X,,
#,TARGET18_Y,float,,(float)(quaternion_interpolator->target_list[18].quaternion_target_i2t.vector_part[1]),NONE,,,,,,,,目標Quaternion I2T Y,,
#,TARGET18_Z,float,,(float)(quaternion_interpolator->target_list[18].quaternion_target_i2t.vector_part[2]),NONE,,,,,,,,目標Quaternion I2T Z,,
#,TARGET18_W,float,,(float)(quaternion_interpolator->target_list[18].quaternion_target_i2t.scalar_part),NONE,,,,,,,,目標Quaternion I2T W,,
#,TARGET19_TI,uint32_t,,(uint32_t)(quaternion_interpolator->target_list[19].attitude_changed_ti),NONE,,,,,,,,姿勢変更完了予定時刻,,
#,TARGET19_X,float,,(float)(quaternion_interpolator->target_list[19].quaternion_target_i2t.vector_part[0]),NONE,,,,,,,,目標Quaternion I2T X,,
#,TARGET19_Y,float,,(float)(quaternion_interpolator->target_list[19].quaternion_target_i2t.vector_part[1]),NONE,,,,,,,,目標Quaternion I2T Y,,
#,TARGET19_Z,float,,(float)(quaternion_interpolator->target_list[19].quaternion_target_i2t.vector_part[2]),NONE,,,,,,,,目標Quaternion I2T Z,,
#,TARGET19_W,float,,(float)(quaternion_interpolator->target_list[19].quaternion_target_i2t.scalar_part),NONE,,,,,,,,目標Quaternion I2T W,,
