TRUE,52,OBC,,,,,,,,,,,,,
subsystem,name,type,bit,var,conv,a0,a1,a2,a3,a4,a5,status,description,note,priority
,PH.VER,_uint16_t,3,,NONE,,,,,,,,,,
,PH.TYPE,,1,,NONE,,,,,,,,,,
,PH.SH_FLAG,,1,,NONE,,,,,,,,,,
,PH.APID,,11,,NONE,,,,,,,,,,
,PH.SEQ_FLAG,_uint16_t,2,,NONE,,,,,,,,,,
,PH.SEQ_COUNT,,14,,NONE,,,,,,,,,,
,PH.PACKET_LEN,uint16_t,,,NONE,,,,,,,,,,
,SH.VER,uint8_t,,,NONE,,,,,,,,,,
,SH.TI,uint32_t,,,NONE,,,,,,,,,,
,SH.TLM_ID,uint8_t,,,HEX,,,,,,,,,,
,SH.GLOBAL_TIME,double,,,NONE,,,,,,,,,,
,SH.ON_BOARD_SUBNET_TIME,uint32_t,,,NONE,,,,,,,,,,
,SH.DEST_FLAGS,uint8_t,,,HEX,,,,,,,,,,
,SH.DEST_INFO,uint8_t,,,NONE,,,,,,,,,,
,LOG_LEVEL.LOG_LEVEL1,uint8_t,,(uint8_t)(sagitta_driver[SAGITTA_IDX_IN_UNIT]->info.set_parameter.log_level[0]),NONE,,,,,,,,,,
,LOG_LEVEL.LOG_LEVEL2,uint8_t,,(uint8_t)(sagitta_driver[SAGITTA_IDX_IN_UNIT]->info.set_parameter.log_level[1]),NONE,,,,,,,,,,
,LOG_LEVEL.LOG_LEVEL3,uint8_t,,(uint8_t)(sagitta_driver[SAGITTA_IDX_IN_UNIT]->info.set_parameter.log_level[2]),NONE,,,,,,,,,,
,LOG_LEVEL.LOG_LEVEL4,uint8_t,,(uint8_t)(sagitta_driver[SAGITTA_IDX_IN_UNIT]->info.set_parameter.log_level[3]),NONE,,,,,,,,,,
,LOG_LEVEL.LOG_LEVEL5,uint8_t,,(uint8_t)(sagitta_driver[SAGITTA_IDX_IN_UNIT]->info.set_parameter.log_level[4]),NONE,,,,,,,,,,
,LOG_LEVEL.LOG_LEVEL6,uint8_t,,(uint8_t)(sagitta_driver[SAGITTA_IDX_IN_UNIT]->info.set_parameter.log_level[5]),NONE,,,,,,,,,,
,LOG_LEVEL.LOG_LEVEL7,uint8_t,,(uint8_t)(sagitta_driver[SAGITTA_IDX_IN_UNIT]->info.set_parameter.log_level[6]),NONE,,,,,,,,,,
,LOG_LEVEL.LOG_LEVEL8,uint8_t,,(uint8_t)(sagitta_driver[SAGITTA_IDX_IN_UNIT]->info.set_parameter.log_level[7]),NONE,,,,,,,,,,
,LOG_LEVEL.LOG_LEVEL9,uint8_t,,(uint8_t)(sagitta_driver[SAGITTA_IDX_IN_UNIT]->info.set_parameter.log_level[8]),NONE,,,,,,,,,,
,LOG_LEVEL.LOG_LEVEL10,uint8_t,,(uint8_t)(sagitta_driver[SAGITTA_IDX_IN_UNIT]->info.set_parameter.log_level[9]),NONE,,,,,,,,,,
,LOG_LEVEL.LOG_LEVEL11,uint8_t,,(uint8_t)(sagitta_driver[SAGITTA_IDX_IN_UNIT]->info.set_parameter.log_level[10]),NONE,,,,,,,,,,
,LOG_LEVEL.LOG_LEVEL12,uint8_t,,(uint8_t)(sagitta_driver[SAGITTA_IDX_IN_UNIT]->info.set_parameter.log_level[11]),NONE,,,,,,,,,,
,LOG_LEVEL.LOG_LEVEL13,uint8_t,,(uint8_t)(sagitta_driver[SAGITTA_IDX_IN_UNIT]->info.set_parameter.log_level[12]),NONE,,,,,,,,,,
,LOG_LEVEL.LOG_LEVEL14,uint8_t,,(uint8_t)(sagitta_driver[SAGITTA_IDX_IN_UNIT]->info.set_parameter.log_level[13]),NONE,,,,,,,,,,
,LOG_LEVEL.LOG_LEVEL15,uint8_t,,(uint8_t)(sagitta_driver[SAGITTA_IDX_IN_UNIT]->info.set_parameter.log_level[14]),NONE,,,,,,,,,,
,LOG_LEVEL.LOG_LEVEL16,uint8_t,,(uint8_t)(sagitta_driver[SAGITTA_IDX_IN_UNIT]->info.set_parameter.log_level[15]),NONE,,,,,,,,,,
,LIMITS.ACTION,uint8_t,,(uint8_t)(sagitta_driver[SAGITTA_IDX_IN_UNIT]->info.set_parameter.limits.action),NONE,,,,,,,,,,
,LIMITS.MAX_VALUE1,float,,(float)(sagitta_driver[SAGITTA_IDX_IN_UNIT]->info.set_parameter.limits.max_value[0]),NONE,,,,,,,,,,
,LIMITS.MAX_VALUE2,float,,(float)(sagitta_driver[SAGITTA_IDX_IN_UNIT]->info.set_parameter.limits.max_value[1]),NONE,,,,,,,,,,
,LIMITS.MAX_VALUE3,float,,(float)(sagitta_driver[SAGITTA_IDX_IN_UNIT]->info.set_parameter.limits.max_value[2]),NONE,,,,,,,,,,
,LIMITS.MAX_VALUE4,float,,(float)(sagitta_driver[SAGITTA_IDX_IN_UNIT]->info.set_parameter.limits.max_value[3]),NONE,,,,,,,,,,
,LIMITS.MAX_VALUE5,float,,(float)(sagitta_driver[SAGITTA_IDX_IN_UNIT]->info.set_parameter.limits.max_value[4]),NONE,,,,,,,,,,
,LIMITS.MAX_VALUE6,float,,(float)(sagitta_driver[SAGITTA_IDX_IN_UNIT]->info.set_parameter.limits.max_value[5]),NONE,,,,,,,,,,
,LIMITS.MAX_VALUE7,float,,(float)(sagitta_driver[SAGITTA_IDX_IN_UNIT]->info.set_parameter.limits.max_value[6]),NONE,,,,,,,,,,
,LIMITS.MAX_VALUE8,float,,(float)(sagitta_driver[SAGITTA_IDX_IN_UNIT]->info.set_parameter.limits.max_value[7]),NONE,,,,,,,,,,
,LIMITS.MAX_VALUE9,float,,(float)(sagitta_driver[SAGITTA_IDX_IN_UNIT]->info.set_parameter.limits.max_value[8]),NONE,,,,,,,,,,
,LIMITS.MAX_VALUE10,float,,(float)(sagitta_driver[SAGITTA_IDX_IN_UNIT]->info.set_parameter.limits.max_value[9]),NONE,,,,,,,,,,
,MOUNTING.QX,float,,(float)(sagitta_driver[SAGITTA_IDX_IN_UNIT]->info.set_parameter.mounting.vector_part[0]),NONE,,,,,,,,,,
,MOUNTING.QY,float,,(float)(sagitta_driver[SAGITTA_IDX_IN_UNIT]->info.set_parameter.mounting.vector_part[1]),NONE,,,,,,,,,,
,MOUNTING.QZ,float,,(float)(sagitta_driver[SAGITTA_IDX_IN_UNIT]->info.set_parameter.mounting.vector_part[2]),NONE,,,,,,,,,,
,MOUNTING.QW,float,,(float)(sagitta_driver[SAGITTA_IDX_IN_UNIT]->info.set_parameter.mounting.scalar_part),NONE,,,,,,,,,,
,DISTORTION.MODE,uint8_t,,(uint8_t)(sagitta_driver[SAGITTA_IDX_IN_UNIT]->info.set_parameter.distortion.mode),NONE,,,,,,,,,,
,DISTORTION.K0_COEFFICIENT0,float,,(float)(sagitta_driver[SAGITTA_IDX_IN_UNIT]->info.set_parameter.distortion.k0_coefficient[0]),NONE,,,,,,,,,,
,DISTORTION.K0_COEFFICIENT1,float,,(float)(sagitta_driver[SAGITTA_IDX_IN_UNIT]->info.set_parameter.distortion.k0_coefficient[1]),NONE,,,,,,,,,,
,DISTORTION.K0_COEFFICIENT2,float,,(float)(sagitta_driver[SAGITTA_IDX_IN_UNIT]->info.set_parameter.distortion.k0_coefficient[2]),NONE,,,,,,,,,,
,DISTORTION.K0_COEFFICIENT3,float,,(float)(sagitta_driver[SAGITTA_IDX_IN_UNIT]->info.set_parameter.distortion.k0_coefficient[3]),NONE,,,,,,,,,,
,DISTORTION.K0_COEFFICIENT4,float,,(float)(sagitta_driver[SAGITTA_IDX_IN_UNIT]->info.set_parameter.distortion.k0_coefficient[4]),NONE,,,,,,,,,,
,DISTORTION.K0_COEFFICIENT5,float,,(float)(sagitta_driver[SAGITTA_IDX_IN_UNIT]->info.set_parameter.distortion.k0_coefficient[5]),NONE,,,,,,,,,,
,DISTORTION.K0_COEFFICIENT6,float,,(float)(sagitta_driver[SAGITTA_IDX_IN_UNIT]->info.set_parameter.distortion.k0_coefficient[6]),NONE,,,,,,,,,,
,DISTORTION.K0_COEFFICIENT7,float,,(float)(sagitta_driver[SAGITTA_IDX_IN_UNIT]->info.set_parameter.distortion.k0_coefficient[7]),NONE,,,,,,,,,,
,DISTORTION.H0_COEFFICIENT0,float,,(float)(sagitta_driver[SAGITTA_IDX_IN_UNIT]->info.set_parameter.distortion.h0_coefficient[0]),NONE,,,,,,,,,,
,DISTORTION.H0_COEFFICIENT1,float,,(float)(sagitta_driver[SAGITTA_IDX_IN_UNIT]->info.set_parameter.distortion.h0_coefficient[1]),NONE,,,,,,,,,,
,DISTORTION.H0_COEFFICIENT2,float,,(float)(sagitta_driver[SAGITTA_IDX_IN_UNIT]->info.set_parameter.distortion.h0_coefficient[2]),NONE,,,,,,,,,,
,DISTORTION.H0_COEFFICIENT3,float,,(float)(sagitta_driver[SAGITTA_IDX_IN_UNIT]->info.set_parameter.distortion.h0_coefficient[3]),NONE,,,,,,,,,,
,DISTORTION.H0_COEFFICIENT4,float,,(float)(sagitta_driver[SAGITTA_IDX_IN_UNIT]->info.set_parameter.distortion.h0_coefficient[4]),NONE,,,,,,,,,,
,DISTORTION.H0_COEFFICIENT5,float,,(float)(sagitta_driver[SAGITTA_IDX_IN_UNIT]->info.set_parameter.distortion.h0_coefficient[5]),NONE,,,,,,,,,,
,DISTORTION.H0_COEFFICIENT6,float,,(float)(sagitta_driver[SAGITTA_IDX_IN_UNIT]->info.set_parameter.distortion.h0_coefficient[6]),NONE,,,,,,,,,,
,DISTORTION.H0_COEFFICIENT7,float,,(float)(sagitta_driver[SAGITTA_IDX_IN_UNIT]->info.set_parameter.distortion.h0_coefficient[7]),NONE,,,,,,,,,,
,CAMERA.MODE,uint8_t,,(uint8_t)(sagitta_driver[SAGITTA_IDX_IN_UNIT]->info.set_parameter.camera.mode),NONE,,,,,,,,,,
,CAMERA.FOCAL_LENGTH_mm,float,,(float)(sagitta_driver[SAGITTA_IDX_IN_UNIT]->info.set_parameter.camera.focal_length_mm),NONE,,,,,,,,,,
,CAMERA.EXPOSURE_s,float,,(float)(sagitta_driver[SAGITTA_IDX_IN_UNIT]->info.set_parameter.camera.exposure_s),NONE,,,,,,,,,,
,CAMERA.INTERVAL_s,float,,(float)(sagitta_driver[SAGITTA_IDX_IN_UNIT]->info.set_parameter.camera.interval_s),NONE,,,,,,,,,,
,CAMERA.OFFSET_pix,int16_t,,(int16_t)(sagitta_driver[SAGITTA_IDX_IN_UNIT]->info.set_parameter.camera.offset_pix),NONE,,,,,,,,,,
,CAMERA.PGA_GAIN,uint8_t,,(uint8_t)(sagitta_driver[SAGITTA_IDX_IN_UNIT]->info.set_parameter.camera.pga_gain),NONE,,,,,,,,,,
,CAMERA.ADC_GAIN,uint8_t,,(uint8_t)(sagitta_driver[SAGITTA_IDX_IN_UNIT]->info.set_parameter.camera.adc_gain),NONE,,,,,,,,,,
,CAMERA.OVERRIDE_REGISTER1,uint8_t,,(uint8_t)(sagitta_driver[SAGITTA_IDX_IN_UNIT]->info.set_parameter.camera.override_register[0]),NONE,,,,,,,,,,
,CAMERA.OVERRIDE_REGISTER2,uint8_t,,(uint8_t)(sagitta_driver[SAGITTA_IDX_IN_UNIT]->info.set_parameter.camera.override_register[1]),NONE,,,,,,,,,,
,CAMERA.OVERRIDE_REGISTER3,uint8_t,,(uint8_t)(sagitta_driver[SAGITTA_IDX_IN_UNIT]->info.set_parameter.camera.override_register[2]),NONE,,,,,,,,,,
,CAMERA.OVERRIDE_REGISTER4,uint8_t,,(uint8_t)(sagitta_driver[SAGITTA_IDX_IN_UNIT]->info.set_parameter.camera.override_register[3]),NONE,,,,,,,,,,
,CAMERA.OVERRIDE_REGISTER5,uint8_t,,(uint8_t)(sagitta_driver[SAGITTA_IDX_IN_UNIT]->info.set_parameter.camera.override_register[4]),NONE,,,,,,,,,,
,CAMERA.OVERRIDE_REGISTER6,uint8_t,,(uint8_t)(sagitta_driver[SAGITTA_IDX_IN_UNIT]->info.set_parameter.camera.override_register[5]),NONE,,,,,,,,,,
,CAMERA.OVERRIDE_REGISTER7,uint8_t,,(uint8_t)(sagitta_driver[SAGITTA_IDX_IN_UNIT]->info.set_parameter.camera.override_register[6]),NONE,,,,,,,,,,
,CAMERA.OVERRIDE_REGISTER8,uint8_t,,(uint8_t)(sagitta_driver[SAGITTA_IDX_IN_UNIT]->info.set_parameter.camera.override_register[7]),NONE,,,,,,,,,,
,CAMERA.OVERRIDE_REGISTER9,uint8_t,,(uint8_t)(sagitta_driver[SAGITTA_IDX_IN_UNIT]->info.set_parameter.camera.override_register[8]),NONE,,,,,,,,,,
,CAMERA.OVERRIDE_REGISTER10,uint8_t,,(uint8_t)(sagitta_driver[SAGITTA_IDX_IN_UNIT]->info.set_parameter.camera.override_register[9]),NONE,,,,,,,,,,
,CAMERA.OVERRIDE_REGISTER11,uint8_t,,(uint8_t)(sagitta_driver[SAGITTA_IDX_IN_UNIT]->info.set_parameter.camera.override_register[10]),NONE,,,,,,,,,,
,CAMERA.OVERRIDE_REGISTER12,uint8_t,,(uint8_t)(sagitta_driver[SAGITTA_IDX_IN_UNIT]->info.set_parameter.camera.override_register[11]),NONE,,,,,,,,,,
,CAMERA.OVERRIDE_REGISTER13,uint8_t,,(uint8_t)(sagitta_driver[SAGITTA_IDX_IN_UNIT]->info.set_parameter.camera.override_register[12]),NONE,,,,,,,,,,
,CAMERA.OVERRIDE_REGISTER14,uint8_t,,(uint8_t)(sagitta_driver[SAGITTA_IDX_IN_UNIT]->info.set_parameter.camera.override_register[13]),NONE,,,,,,,,,,
,CAMERA.OVERRIDE_REGISTER15,uint8_t,,(uint8_t)(sagitta_driver[SAGITTA_IDX_IN_UNIT]->info.set_parameter.camera.override_register[14]),NONE,,,,,,,,,,
,CAMERA.OVERRIDE_REGISTER16,uint8_t,,(uint8_t)(sagitta_driver[SAGITTA_IDX_IN_UNIT]->info.set_parameter.camera.override_register[15]),NONE,,,,,,,,,,
,CAMERA.FREQUENCY,uint32_t,,(uint32_t)(sagitta_driver[SAGITTA_IDX_IN_UNIT]->info.set_parameter.camera.freq),NONE,,,,,,,,,,
,IMAGE_PROCESSOR.MODE,uint8_t,,(uint8_t)(sagitta_driver[SAGITTA_IDX_IN_UNIT]->info.set_parameter.image_processor.mode),NONE,,,,,,,,,,
,IMAGE_PROCESSOR.STORE,uint8_t,,(uint8_t)(sagitta_driver[SAGITTA_IDX_IN_UNIT]->info.set_parameter.image_processor.store),NONE,,,,,,,,,,
,IMAGE_PROCESSOR.SIGNAL_THRESHOLD_pix,uint16_t,,(uint16_t)(sagitta_driver[SAGITTA_IDX_IN_UNIT]->info.set_parameter.image_processor.signal_threshold_pix),NONE,,,,,,,,,,
,IMAGE_PROCESSOR.DARK_THRESHOLD_pix,uint16_t,,(uint16_t)(sagitta_driver[SAGITTA_IDX_IN_UNIT]->info.set_parameter.image_processor.dark_threshold_pix),NONE,,,,,,,,,,
,IMAGE_PROCESSOR.BACKGROUND_COMPENSATION,uint8_t,,(uint8_t)(sagitta_driver[SAGITTA_IDX_IN_UNIT]->info.set_parameter.image_processor.background_compensation),NONE,,,,,,,,,,
,MATCHING.SQUARED_DISTANCE_LIMIT_mm,float,,(float)(sagitta_driver[SAGITTA_IDX_IN_UNIT]->info.set_parameter.matching.squared_distance_limit_mm),NONE,,,,,,,,,,
,MATCHING.SQUARED_SHIFT_LIMIT_mm,float,,(float)(sagitta_driver[SAGITTA_IDX_IN_UNIT]->info.set_parameter.matching.squared_shift_limit_mm),NONE,,,,,,,,,,
,TRACKING.THIN_LIMIT_deg,float,,(float)(sagitta_driver[SAGITTA_IDX_IN_UNIT]->info.set_parameter.tracking.thin_limit_deg),NONE,,,,,,,,,,
,TRACKING.OUTLIER_THRESHOLD_mm,float,,(float)(sagitta_driver[SAGITTA_IDX_IN_UNIT]->info.set_parameter.tracking.outlier_threshold_mm),NONE,,,,,,,,,,
,TRACKING.OUTLIER_THRESHOLD_QUEST_mm,float,,(float)(sagitta_driver[SAGITTA_IDX_IN_UNIT]->info.set_parameter.tracking.outlier_threshold_quest_mm),NONE,,,,,,,,,,
,TRACKING.TRACKER_CHOICE,uint8_t,,(uint8_t)(sagitta_driver[SAGITTA_IDX_IN_UNIT]->info.set_parameter.tracking.tracker_choice),NONE,,,,,,,,,,
