TRUE,4,OBC,"uint8_t page = telemetry_frame->tlm_page_no;
int offset = TF_TLM_PAGE_SIZE * (telemetry_frame->tlm_page_no);",,,,,,,,,,,,
subsystem,name,type,bit,var,conv,a0,a1,a2,a3,a4,a5,status,description,note,priority
,PH.VER,_uint16_t,3,,NONE,,,,,,,,,,
,PH.TYPE,,1,,NONE,,,,,,,,,,
,PH.SH_FLAG,,1,,NONE,,,,,,,,,,
,PH.APID,,11,,NONE,,,,,,,,,,
,PH.SEQ_FLAG,_uint16_t,2,,NONE,,,,,,,,,,
,PH.SEQ_COUNT,,14,,NONE,,,,,,,,,,
,PH.PACKET_LEN,uint16_t,,,NONE,,,,,,,,,,
,SH.VER,uint8_t,,,NONE,,,,,,,,,,
,SH.TI,uint32_t,,,NONE,,,,,,,,,,
,SH.TLM_ID,uint8_t,,,HEX,,,,,,,,,,
,SH.GLOBAL_TIME,double,,,NONE,,,,,,,,,,
,SH.ON_BOARD_SUBNET_TIME,uint32_t,,,NONE,,,,,,,,,,
,SH.DEST_FLAGS,uint8_t,,,HEX,,,,,,,,,,
,SH.DEST_INFO,uint8_t,,,NONE,,,,,,,,,,
,PAGE_NO,uint8_t,,page,NONE,,,,,,,,,,
,TLM0,uint32_t,,(uint32_t)(telemetry_frame->tlm_table[offset+0].tlm_func),NONE,,,,,,,,,,
,TLM1,uint32_t,,(uint32_t)(telemetry_frame->tlm_table[offset+1].tlm_func),NONE,,,,,,,,,,
,TLM2,uint32_t,,(uint32_t)(telemetry_frame->tlm_table[offset+2].tlm_func),NONE,,,,,,,,,,
,TLM3,uint32_t,,(uint32_t)(telemetry_frame->tlm_table[offset+3].tlm_func),NONE,,,,,,,,,,
,TLM4,uint32_t,,(uint32_t)(telemetry_frame->tlm_table[offset+4].tlm_func),NONE,,,,,,,,,,
,TLM5,uint32_t,,(uint32_t)(telemetry_frame->tlm_table[offset+5].tlm_func),NONE,,,,,,,,,,
,TLM6,uint32_t,,(uint32_t)(telemetry_frame->tlm_table[offset+6].tlm_func),NONE,,,,,,,,,,
,TLM7,uint32_t,,(uint32_t)(telemetry_frame->tlm_table[offset+7].tlm_func),NONE,,,,,,,,,,
,TLM8,uint32_t,,(uint32_t)(telemetry_frame->tlm_table[offset+8].tlm_func),NONE,,,,,,,,,,
,TLM9,uint32_t,,(uint32_t)(telemetry_frame->tlm_table[offset+9].tlm_func),NONE,,,,,,,,,,
,TLM10,uint32_t,,(uint32_t)(telemetry_frame->tlm_table[offset+10].tlm_func),NONE,,,,,,,,,,
,TLM11,uint32_t,,(uint32_t)(telemetry_frame->tlm_table[offset+11].tlm_func),NONE,,,,,,,,,,
,TLM12,uint32_t,,(uint32_t)(telemetry_frame->tlm_table[offset+12].tlm_func),NONE,,,,,,,,,,
,TLM13,uint32_t,,(uint32_t)(telemetry_frame->tlm_table[offset+13].tlm_func),NONE,,,,,,,,,,
,TLM14,uint32_t,,(uint32_t)(telemetry_frame->tlm_table[offset+14].tlm_func),NONE,,,,,,,,,,
,TLM15,uint32_t,,(uint32_t)(telemetry_frame->tlm_table[offset+15].tlm_func),NONE,,,,,,,,,,
,TLM16,uint32_t,,(uint32_t)(telemetry_frame->tlm_table[offset+16].tlm_func),NONE,,,,,,,,,,
,TLM17,uint32_t,,(uint32_t)(telemetry_frame->tlm_table[offset+17].tlm_func),NONE,,,,,,,,,,
,TLM18,uint32_t,,(uint32_t)(telemetry_frame->tlm_table[offset+18].tlm_func),NONE,,,,,,,,,,
,TLM19,uint32_t,,(uint32_t)(telemetry_frame->tlm_table[offset+19].tlm_func),NONE,,,,,,,,,,
,TLM20,uint32_t,,(uint32_t)(telemetry_frame->tlm_table[offset+20].tlm_func),NONE,,,,,,,,,,
,TLM21,uint32_t,,(uint32_t)(telemetry_frame->tlm_table[offset+21].tlm_func),NONE,,,,,,,,,,
,TLM22,uint32_t,,(uint32_t)(telemetry_frame->tlm_table[offset+22].tlm_func),NONE,,,,,,,,,,
,TLM23,uint32_t,,(uint32_t)(telemetry_frame->tlm_table[offset+23].tlm_func),NONE,,,,,,,,,,
,TLM24,uint32_t,,(uint32_t)(telemetry_frame->tlm_table[offset+24].tlm_func),NONE,,,,,,,,,,
,TLM25,uint32_t,,(uint32_t)(telemetry_frame->tlm_table[offset+25].tlm_func),NONE,,,,,,,,,,
,TLM26,uint32_t,,(uint32_t)(telemetry_frame->tlm_table[offset+26].tlm_func),NONE,,,,,,,,,,
,TLM27,uint32_t,,(uint32_t)(telemetry_frame->tlm_table[offset+27].tlm_func),NONE,,,,,,,,,,
,TLM28,uint32_t,,(uint32_t)(telemetry_frame->tlm_table[offset+28].tlm_func),NONE,,,,,,,,,,
,TLM29,uint32_t,,(uint32_t)(telemetry_frame->tlm_table[offset+29].tlm_func),NONE,,,,,,,,,,
,TLM30,uint32_t,,(uint32_t)(telemetry_frame->tlm_table[offset+30].tlm_func),NONE,,,,,,,,,,
,TLM31,uint32_t,,(uint32_t)(telemetry_frame->tlm_table[offset+31].tlm_func),NONE,,,,,,,,,,
