TRUE,15,OBC,"uint16_t offset = event_handler->tlm_info.log.page_no * EH_LOG_TLM_PAGE_SIZE;
",,,,,,,,,,,,
subsystem,name,type,bit,var,conv,a0,a1,a2,a3,a4,a5,status,description,note,priority
,PH.VER,_uint16_t,3,,NONE,,,,,,,,,,
,PH.TYPE,,1,,NONE,,,,,,,,,,
,PH.SH_FLAG,,1,,NONE,,,,,,,,,,
,PH.APID,,11,,NONE,,,,,,,,,,
,PH.SEQ_FLAG,_uint16_t,2,,NONE,,,,,,,,,,
,PH.SEQ_COUNT,,14,,NONE,,,,,,,,,,
,PH.PACKET_LEN,uint16_t,,,NONE,,,,,,,,,,
,SH.VER,uint8_t,,,NONE,,,,,,,,,,
,SH.TI,uint32_t,,,NONE,,,,,,,,,,
,SH.TLM_ID,uint8_t,,,HEX,,,,,,,,,,
,SH.GLOBAL_TIME,double,,,NONE,,,,,,,,,,
,SH.ON_BOARD_SUBNET_TIME,uint32_t,,,NONE,,,,,,,,,,
,SH.DEST_FLAGS,uint8_t,,,HEX,,,,,,,,,,
,SH.DEST_INFO,uint8_t,,,NONE,,,,,,,,,,
,TLM_INFO.LOG.PAGE_NO,uint8_t,,event_handler->tlm_info.log.page_no,NONE,,,,,,,,,,
,LOG_TABLE.RESPOND_COUNTER,uint32_t,,event_handler->log_table.respond_counter,NONE,,,,,,,,,,
,LOG_TABLE.LOG_WP,uint16_t,,event_handler->log_table.log_wp,NONE,,,,,,,,,,
,LOG0.RULE_ID,uint8_t,,(uint8_t)EH_get_the_nth_log_from_the_latest((uint16_t)(0 + offset))->rule_id,NONE,,,,,,,,,,
,LOG0.RESPOND_TIME_IN_MASTER_CYCLE,uint32_t,,EH_get_the_nth_log_from_the_latest((uint16_t)(0 + offset))->respond_time_in_master_cycle,NONE,,,,,,,,,,
,LOG0.DEPLOY_CMD_ACK,int8_t,,(int8_t)EH_get_the_nth_log_from_the_latest((uint16_t)(0 + offset))->deploy_cmd_ack,NONE,,,,,,,,,,
,LOG1.RULE_ID,uint8_t,,(uint8_t)EH_get_the_nth_log_from_the_latest((uint16_t)(1 + offset))->rule_id,NONE,,,,,,,,,,
,LOG1.RESPOND_TIME_IN_MASTER_CYCLE,uint32_t,,EH_get_the_nth_log_from_the_latest((uint16_t)(1 + offset))->respond_time_in_master_cycle,NONE,,,,,,,,,,
,LOG1.DEPLOY_CMD_ACK,int8_t,,(int8_t)EH_get_the_nth_log_from_the_latest((uint16_t)(1 + offset))->deploy_cmd_ack,NONE,,,,,,,,,,
,LOG2.RULE_ID,uint8_t,,(uint8_t)EH_get_the_nth_log_from_the_latest((uint16_t)(2 + offset))->rule_id,NONE,,,,,,,,,,
,LOG2.RESPOND_TIME_IN_MASTER_CYCLE,uint32_t,,EH_get_the_nth_log_from_the_latest((uint16_t)(2 + offset))->respond_time_in_master_cycle,NONE,,,,,,,,,,
,LOG2.DEPLOY_CMD_ACK,int8_t,,(int8_t)EH_get_the_nth_log_from_the_latest((uint16_t)(2 + offset))->deploy_cmd_ack,NONE,,,,,,,,,,
,LOG3.RULE_ID,uint8_t,,(uint8_t)EH_get_the_nth_log_from_the_latest((uint16_t)(3 + offset))->rule_id,NONE,,,,,,,,,,
,LOG3.RESPOND_TIME_IN_MASTER_CYCLE,uint32_t,,EH_get_the_nth_log_from_the_latest((uint16_t)(3 + offset))->respond_time_in_master_cycle,NONE,,,,,,,,,,
,LOG3.DEPLOY_CMD_ACK,int8_t,,(int8_t)EH_get_the_nth_log_from_the_latest((uint16_t)(3 + offset))->deploy_cmd_ack,NONE,,,,,,,,,,
,LOG4.RULE_ID,uint8_t,,(uint8_t)EH_get_the_nth_log_from_the_latest((uint16_t)(4 + offset))->rule_id,NONE,,,,,,,,,,
,LOG4.RESPOND_TIME_IN_MASTER_CYCLE,uint32_t,,EH_get_the_nth_log_from_the_latest((uint16_t)(4 + offset))->respond_time_in_master_cycle,NONE,,,,,,,,,,
,LOG4.DEPLOY_CMD_ACK,int8_t,,(int8_t)EH_get_the_nth_log_from_the_latest((uint16_t)(4 + offset))->deploy_cmd_ack,NONE,,,,,,,,,,
,LOG5.RULE_ID,uint8_t,,(uint8_t)EH_get_the_nth_log_from_the_latest((uint16_t)(5 + offset))->rule_id,NONE,,,,,,,,,,
,LOG5.RESPOND_TIME_IN_MASTER_CYCLE,uint32_t,,EH_get_the_nth_log_from_the_latest((uint16_t)(5 + offset))->respond_time_in_master_cycle,NONE,,,,,,,,,,
,LOG5.DEPLOY_CMD_ACK,int8_t,,(int8_t)EH_get_the_nth_log_from_the_latest((uint16_t)(5 + offset))->deploy_cmd_ack,NONE,,,,,,,,,,
,LOG6.RULE_ID,uint8_t,,(uint8_t)EH_get_the_nth_log_from_the_latest((uint16_t)(6 + offset))->rule_id,NONE,,,,,,,,,,
,LOG6.RESPOND_TIME_IN_MASTER_CYCLE,uint32_t,,EH_get_the_nth_log_from_the_latest((uint16_t)(6 + offset))->respond_time_in_master_cycle,NONE,,,,,,,,,,
,LOG6.DEPLOY_CMD_ACK,int8_t,,(int8_t)EH_get_the_nth_log_from_the_latest((uint16_t)(6 + offset))->deploy_cmd_ack,NONE,,,,,,,,,,
,LOG7.RULE_ID,uint8_t,,(uint8_t)EH_get_the_nth_log_from_the_latest((uint16_t)(7 + offset))->rule_id,NONE,,,,,,,,,,
,LOG7.RESPOND_TIME_IN_MASTER_CYCLE,uint32_t,,EH_get_the_nth_log_from_the_latest((uint16_t)(7 + offset))->respond_time_in_master_cycle,NONE,,,,,,,,,,
,LOG7.DEPLOY_CMD_ACK,int8_t,,(int8_t)EH_get_the_nth_log_from_the_latest((uint16_t)(7 + offset))->deploy_cmd_ack,NONE,,,,,,,,,,
,LOG8.RULE_ID,uint8_t,,(uint8_t)EH_get_the_nth_log_from_the_latest((uint16_t)(8 + offset))->rule_id,NONE,,,,,,,,,,
,LOG8.RESPOND_TIME_IN_MASTER_CYCLE,uint32_t,,EH_get_the_nth_log_from_the_latest((uint16_t)(8 + offset))->respond_time_in_master_cycle,NONE,,,,,,,,,,
,LOG8.DEPLOY_CMD_ACK,int8_t,,(int8_t)EH_get_the_nth_log_from_the_latest((uint16_t)(8 + offset))->deploy_cmd_ack,NONE,,,,,,,,,,
,LOG9.RULE_ID,uint8_t,,(uint8_t)EH_get_the_nth_log_from_the_latest((uint16_t)(9 + offset))->rule_id,NONE,,,,,,,,,,
,LOG9.RESPOND_TIME_IN_MASTER_CYCLE,uint32_t,,EH_get_the_nth_log_from_the_latest((uint16_t)(9 + offset))->respond_time_in_master_cycle,NONE,,,,,,,,,,
,LOG9.DEPLOY_CMD_ACK,int8_t,,(int8_t)EH_get_the_nth_log_from_the_latest((uint16_t)(9 + offset))->deploy_cmd_ack,NONE,,,,,,,,,,
,LOG10.RULE_ID,uint8_t,,(uint8_t)EH_get_the_nth_log_from_the_latest((uint16_t)(10 + offset))->rule_id,NONE,,,,,,,,,,
,LOG10.RESPOND_TIME_IN_MASTER_CYCLE,uint32_t,,EH_get_the_nth_log_from_the_latest((uint16_t)(10 + offset))->respond_time_in_master_cycle,NONE,,,,,,,,,,
,LOG10.DEPLOY_CMD_ACK,int8_t,,(int8_t)EH_get_the_nth_log_from_the_latest((uint16_t)(10 + offset))->deploy_cmd_ack,NONE,,,,,,,,,,
,LOG11.RULE_ID,uint8_t,,(uint8_t)EH_get_the_nth_log_from_the_latest((uint16_t)(11 + offset))->rule_id,NONE,,,,,,,,,,
,LOG11.RESPOND_TIME_IN_MASTER_CYCLE,uint32_t,,EH_get_the_nth_log_from_the_latest((uint16_t)(11 + offset))->respond_time_in_master_cycle,NONE,,,,,,,,,,
,LOG11.DEPLOY_CMD_ACK,int8_t,,(int8_t)EH_get_the_nth_log_from_the_latest((uint16_t)(11 + offset))->deploy_cmd_ack,NONE,,,,,,,,,,
,LOG12.RULE_ID,uint8_t,,(uint8_t)EH_get_the_nth_log_from_the_latest((uint16_t)(12 + offset))->rule_id,NONE,,,,,,,,,,
,LOG12.RESPOND_TIME_IN_MASTER_CYCLE,uint32_t,,EH_get_the_nth_log_from_the_latest((uint16_t)(12 + offset))->respond_time_in_master_cycle,NONE,,,,,,,,,,
,LOG12.DEPLOY_CMD_ACK,int8_t,,(int8_t)EH_get_the_nth_log_from_the_latest((uint16_t)(12 + offset))->deploy_cmd_ack,NONE,,,,,,,,,,
,LOG13.RULE_ID,uint8_t,,(uint8_t)EH_get_the_nth_log_from_the_latest((uint16_t)(13 + offset))->rule_id,NONE,,,,,,,,,,
,LOG13.RESPOND_TIME_IN_MASTER_CYCLE,uint32_t,,EH_get_the_nth_log_from_the_latest((uint16_t)(13 + offset))->respond_time_in_master_cycle,NONE,,,,,,,,,,
,LOG13.DEPLOY_CMD_ACK,int8_t,,(int8_t)EH_get_the_nth_log_from_the_latest((uint16_t)(13 + offset))->deploy_cmd_ack,NONE,,,,,,,,,,
,LOG14.RULE_ID,uint8_t,,(uint8_t)EH_get_the_nth_log_from_the_latest((uint16_t)(14 + offset))->rule_id,NONE,,,,,,,,,,
,LOG14.RESPOND_TIME_IN_MASTER_CYCLE,uint32_t,,EH_get_the_nth_log_from_the_latest((uint16_t)(14 + offset))->respond_time_in_master_cycle,NONE,,,,,,,,,,
,LOG14.DEPLOY_CMD_ACK,int8_t,,(int8_t)EH_get_the_nth_log_from_the_latest((uint16_t)(14 + offset))->deploy_cmd_ack,NONE,,,,,,,,,,
,LOG15.RULE_ID,uint8_t,,(uint8_t)EH_get_the_nth_log_from_the_latest((uint16_t)(15 + offset))->rule_id,NONE,,,,,,,,,,
,LOG15.RESPOND_TIME_IN_MASTER_CYCLE,uint32_t,,EH_get_the_nth_log_from_the_latest((uint16_t)(15 + offset))->respond_time_in_master_cycle,NONE,,,,,,,,,,
,LOG15.DEPLOY_CMD_ACK,int8_t,,(int8_t)EH_get_the_nth_log_from_the_latest((uint16_t)(15 + offset))->deploy_cmd_ack,NONE,,,,,,,,,,
,LOG16.RULE_ID,uint8_t,,(uint8_t)EH_get_the_nth_log_from_the_latest((uint16_t)(16 + offset))->rule_id,NONE,,,,,,,,,,
,LOG16.RESPOND_TIME_IN_MASTER_CYCLE,uint32_t,,EH_get_the_nth_log_from_the_latest((uint16_t)(16 + offset))->respond_time_in_master_cycle,NONE,,,,,,,,,,
,LOG16.DEPLOY_CMD_ACK,int8_t,,(int8_t)EH_get_the_nth_log_from_the_latest((uint16_t)(16 + offset))->deploy_cmd_ack,NONE,,,,,,,,,,
,LOG17.RULE_ID,uint8_t,,(uint8_t)EH_get_the_nth_log_from_the_latest((uint16_t)(17 + offset))->rule_id,NONE,,,,,,,,,,
,LOG17.RESPOND_TIME_IN_MASTER_CYCLE,uint32_t,,EH_get_the_nth_log_from_the_latest((uint16_t)(17 + offset))->respond_time_in_master_cycle,NONE,,,,,,,,,,
,LOG17.DEPLOY_CMD_ACK,int8_t,,(int8_t)EH_get_the_nth_log_from_the_latest((uint16_t)(17 + offset))->deploy_cmd_ack,NONE,,,,,,,,,,
,LOG18.RULE_ID,uint8_t,,(uint8_t)EH_get_the_nth_log_from_the_latest((uint16_t)(18 + offset))->rule_id,NONE,,,,,,,,,,
,LOG18.RESPOND_TIME_IN_MASTER_CYCLE,uint32_t,,EH_get_the_nth_log_from_the_latest((uint16_t)(18 + offset))->respond_time_in_master_cycle,NONE,,,,,,,,,,
,LOG18.DEPLOY_CMD_ACK,int8_t,,(int8_t)EH_get_the_nth_log_from_the_latest((uint16_t)(18 + offset))->deploy_cmd_ack,NONE,,,,,,,,,,
,LOG19.RULE_ID,uint8_t,,(uint8_t)EH_get_the_nth_log_from_the_latest((uint16_t)(19 + offset))->rule_id,NONE,,,,,,,,,,
,LOG19.RESPOND_TIME_IN_MASTER_CYCLE,uint32_t,,EH_get_the_nth_log_from_the_latest((uint16_t)(19 + offset))->respond_time_in_master_cycle,NONE,,,,,,,,,,
,LOG19.DEPLOY_CMD_ACK,int8_t,,(int8_t)EH_get_the_nth_log_from_the_latest((uint16_t)(19 + offset))->deploy_cmd_ack,NONE,,,,,,,,,,
