TRUE,43,OBC,,,,,,,,,,,,,
subsystem,name,type,bit,var,conv,a0,a1,a2,a3,a4,a5,status,description,note,priority
,PH.VER,_uint16_t,3,,NONE,,,,,,,,,,
,PH.TYPE,,1,,NONE,,,,,,,,,,
,PH.SH_FLAG,,1,,NONE,,,,,,,,,,
,PH.APID,,11,,NONE,,,,,,,,,,
,PH.SEQ_FLAG,_uint16_t,2,,NONE,,,,,,,,,,
,PH.SEQ_COUNT,,14,,NONE,,,,,,,,,,
,PH.PACKET_LEN,uint16_t,,,NONE,,,,,,,,,,
,SH.VER,uint8_t,,,NONE,,,,,,,,,,
,SH.TI,uint32_t,,,NONE,,,,,,,,,,
,SH.TLM_ID,uint8_t,,,HEX,,,,,,,,,,
,SH.GLOBAL_TIME,double,,,NONE,,,,,,,,,,
,SH.ON_BOARD_SUBNET_TIME,uint32_t,,,NONE,,,,,,,,,,
,SH.DEST_FLAGS,uint8_t,,,HEX,,,,,,,,,,
,SH.DEST_INFO,uint8_t,,,NONE,,,,,,,,,,
#,ERROR_STATUS,uint8_t,,(uint8_t)(non_volatile_memory_manager->error_status),STATUS,,,,,,,"0=OK, 1=NG_ADDRESS, 2=NG_LENGTH, 3=NG_READ, 4=NG_WRITE, 5=NG_OTHERS",不揮発メモリエラーステータス,,
#,WRITE.START_ADDRESS,uint32_t,,(uint32_t)(non_volatile_memory_manager->write_info.start_address),NONE,,,,,,,,不揮発メモリ書き込み先頭アドレス,,
#,WRITE.DATA_SIZE,uint8_t,,(uint8_t)(non_volatile_memory_manager->write_info.data_size_byte),NONE,,,,,,,,不揮発メモリ書き込みサイズ,,
#,WRITE.DATA_0,uint8_t,,(uint8_t)(non_volatile_memory_manager->write_info.data[0]),NONE,,,,,,,,不揮発メモリ書き込みデータ,,
#,WRITE.DATA_1,uint8_t,,(uint8_t)(non_volatile_memory_manager->write_info.data[1]),NONE,,,,,,,,不揮発メモリ書き込みデータ,,
#,WRITE.DATA_2,uint8_t,,(uint8_t)(non_volatile_memory_manager->write_info.data[2]),NONE,,,,,,,,不揮発メモリ書き込みデータ,,
#,WRITE.DATA_3,uint8_t,,(uint8_t)(non_volatile_memory_manager->write_info.data[3]),NONE,,,,,,,,不揮発メモリ書き込みデータ,,
#,WRITE.DATA_4,uint8_t,,(uint8_t)(non_volatile_memory_manager->write_info.data[4]),NONE,,,,,,,,不揮発メモリ書き込みデータ,,
#,WRITE.DATA_5,uint8_t,,(uint8_t)(non_volatile_memory_manager->write_info.data[5]),NONE,,,,,,,,不揮発メモリ書き込みデータ,,
#,WRITE.DATA_6,uint8_t,,(uint8_t)(non_volatile_memory_manager->write_info.data[6]),NONE,,,,,,,,不揮発メモリ書き込みデータ,,
#,WRITE.DATA_7,uint8_t,,(uint8_t)(non_volatile_memory_manager->write_info.data[7]),NONE,,,,,,,,不揮発メモリ書き込みデータ,,
#,READ.START_ADDRESS,uint32_t,,(uint32_t)(non_volatile_memory_manager->read_info.start_address),NONE,,,,,,,,不揮発メモリ読み出し先頭アドレス,,
#,READ.DATA_SIZE,uint8_t,,(uint8_t)(non_volatile_memory_manager->read_info.data_size_byte),NONE,,,,,,,,不揮発メモリ読み出しサイズ,,
#,READ.DATA_0,uint8_t,,(uint8_t)(non_volatile_memory_manager->read_info.data[0]),NONE,,,,,,,,不揮発メモリ読み出しデータ,,
#,READ.DATA_1,uint8_t,,(uint8_t)(non_volatile_memory_manager->read_info.data[1]),NONE,,,,,,,,不揮発メモリ読み出しデータ,,
#,READ.DATA_2,uint8_t,,(uint8_t)(non_volatile_memory_manager->read_info.data[2]),NONE,,,,,,,,不揮発メモリ読み出しデータ,,
#,READ.DATA_3,uint8_t,,(uint8_t)(non_volatile_memory_manager->read_info.data[3]),NONE,,,,,,,,不揮発メモリ読み出しデータ,,
#,READ.DATA_4,uint8_t,,(uint8_t)(non_volatile_memory_manager->read_info.data[4]),NONE,,,,,,,,不揮発メモリ読み出しデータ,,
#,READ.DATA_5,uint8_t,,(uint8_t)(non_volatile_memory_manager->read_info.data[5]),NONE,,,,,,,,不揮発メモリ読み出しデータ,,
#,READ.DATA_6,uint8_t,,(uint8_t)(non_volatile_memory_manager->read_info.data[6]),NONE,,,,,,,,不揮発メモリ読み出しデータ,,
#,READ.DATA_7,uint8_t,,(uint8_t)(non_volatile_memory_manager->read_info.data[7]),NONE,,,,,,,,不揮発メモリ読み出しデータ,,
#,PARTITION.ERROR_STATUS,uint8_t,,(uint8_t)(non_volatile_memory_partition->error_status),STATUS,,,,,,,"0=OK, 1=NG_ADDRESS, 2=NG_LENGTH, 3=NG_READ, 4=NG_WRITE, 5=NG_OTHERS",パーティションアクセス不揮発メモリエラーステータス,,
#,PARTITION.WRITE.ID,uint8_t,,(uint8_t)(non_volatile_memory_partition->write_info.partition_id),NONE,,,,,,,,書き込みパーティションID,,
#,PARTITION.WRITE.START_ADDRESS,uint32_t,,(uint32_t)(non_volatile_memory_partition->write_info.start_address),HEX,,,,,,,,不揮発メモリ書き込み先頭アドレス,,
#,PARTITION.WRITE.DATA_SIZE,uint8_t,,(uint8_t)(non_volatile_memory_partition->write_info.data_size_byte),NONE,,,,,,,,不揮発メモリ書き込みサイズ,,
#,PARTITION.WRITE.DATA_0,uint8_t,,(uint8_t)(non_volatile_memory_partition->write_info.data[0]),NONE,,,,,,,,不揮発メモリ書き込みデータ,,
#,PARTITION.WRITE.DATA_1,uint8_t,,(uint8_t)(non_volatile_memory_partition->write_info.data[1]),NONE,,,,,,,,不揮発メモリ書き込みデータ,,
#,PARTITION.WRITE.DATA_2,uint8_t,,(uint8_t)(non_volatile_memory_partition->write_info.data[2]),NONE,,,,,,,,不揮発メモリ書き込みデータ,,
#,PARTITION.WRITE.DATA_3,uint8_t,,(uint8_t)(non_volatile_memory_partition->write_info.data[3]),NONE,,,,,,,,不揮発メモリ書き込みデータ,,
#,PARTITION.WRITE.DATA_4,uint8_t,,(uint8_t)(non_volatile_memory_partition->write_info.data[4]),NONE,,,,,,,,不揮発メモリ書き込みデータ,,
#,PARTITION.WRITE.DATA_5,uint8_t,,(uint8_t)(non_volatile_memory_partition->write_info.data[5]),NONE,,,,,,,,不揮発メモリ書き込みデータ,,
#,PARTITION.WRITE.DATA_6,uint8_t,,(uint8_t)(non_volatile_memory_partition->write_info.data[6]),NONE,,,,,,,,不揮発メモリ書き込みデータ,,
#,PARTITION.WRITE.DATA_7,uint8_t,,(uint8_t)(non_volatile_memory_partition->write_info.data[7]),NONE,,,,,,,,不揮発メモリ書き込みデータ,,
#,PARTITION.READ.ID,uint8_t,,(uint8_t)(non_volatile_memory_partition->read_info.partition_id),NONE,,,,,,,,読み出しパーティションID,,
#,PARTITION.READ.START_ADDRESS,uint32_t,,(uint32_t)(non_volatile_memory_partition->read_info.start_address),HEX,,,,,,,,不揮発メモリ読み出し先頭アドレス,,
#,PARTITION.READ.DATA_SIZE,uint8_t,,(uint8_t)(non_volatile_memory_partition->read_info.data_size_byte),NONE,,,,,,,,不揮発メモリ読み出しサイズ,,
#,PARTITION.READ.DATA_0,uint8_t,,(uint8_t)(non_volatile_memory_partition->read_info.data[0]),NONE,,,,,,,,不揮発メモリ読み出しデータ,,
#,PARTITION.READ.DATA_1,uint8_t,,(uint8_t)(non_volatile_memory_partition->read_info.data[1]),NONE,,,,,,,,不揮発メモリ読み出しデータ,,
#,PARTITION.READ.DATA_2,uint8_t,,(uint8_t)(non_volatile_memory_partition->read_info.data[2]),NONE,,,,,,,,不揮発メモリ読み出しデータ,,
#,PARTITION.READ.DATA_3,uint8_t,,(uint8_t)(non_volatile_memory_partition->read_info.data[3]),NONE,,,,,,,,不揮発メモリ読み出しデータ,,
#,PARTITION.READ.DATA_4,uint8_t,,(uint8_t)(non_volatile_memory_partition->read_info.data[4]),NONE,,,,,,,,不揮発メモリ読み出しデータ,,
#,PARTITION.READ.DATA_5,uint8_t,,(uint8_t)(non_volatile_memory_partition->read_info.data[5]),NONE,,,,,,,,不揮発メモリ読み出しデータ,,
#,PARTITION.READ.DATA_6,uint8_t,,(uint8_t)(non_volatile_memory_partition->read_info.data[6]),NONE,,,,,,,,不揮発メモリ読み出しデータ,,
#,PARTITION.READ.DATA_7,uint8_t,,(uint8_t)(non_volatile_memory_partition->read_info.data[7]),NONE,,,,,,,,不揮発メモリ読み出しデータ,,
#,DATA_RECORDER.RECORD_PERMISSION,uint8_t,,(uint8_t)(aocs_data_recorder->record_permission),STATUS,,,,,,,"0=DISABLE, 1=ENABLE, *=N/A",DR保存許可,,
#,DATA_RECORDER.READ_MODE,uint8_t,,(uint8_t)(aocs_data_recorder->read_mode),STATUS,,,,,,,"0=MANUAL, 1=CONTINUOUS, *=N/A",DR読み出しモード,,
#,DATA_RECORDER.OVERWRITE_MODE,uint8_t,,(uint8_t)(aocs_data_recorder->overwrite_mode),STATUS,,,,,,,"0=DISABLE, 1=ENABLE, *=N/A",DR上書き許可,,
#,DATA_RECORDER.WRITE_PARTITION,uint8_t,,(uint8_t)(aocs_data_recorder->write_partition_id),STATUS,,,,,,,"2=DR1, 3=DR2, 4=DR3, *=N/A",DR書き込みパーティション,,
#,DATA_RECORDER.WRITE_POINTER,uint32_t,,(uint32_t)(aocs_data_recorder->write_pointer),HEX,,,,,,,,DR Writeポインタ,,
#,DATA_RECORDER.READ_PARTITION,uint8_t,,(uint8_t)(aocs_data_recorder->read_partition_id),STATUS,,,,,,,"2=DR1, 3=DR2, 4=DR3, *=N/A",DR読み出しパーティション,,
#,DATA_RECORDER.READ_POINTER,uint32_t,,(uint32_t)(aocs_data_recorder->read_pointer),HEX,,,,,,,,DR readポインタ,,
#,FRAM1.STATUS,uint8_t,,(uint8_t)(fm25v10_driver[FM25V10_IDX_1]->info.status),NONE,,,,,,,,FRAM1ステータス,,
#,FRAM1.LAST_START_ADDRESS,uint32_t,,(uint32_t)(fm25v10_driver[FM25V10_IDX_1]->info.last_start_address),NONE,,,,,,,,FRAM1最後にアクセスした先頭アドレス,,
#,FRAM1.LAST_READ_DATA,uint8_t,,(uint8_t)(fm25v10_driver[FM25V10_IDX_1]->info.last_read_data_byte),NONE,,,,,,,,FRAM1最後に読み出したデータ,,
#,FRAM1.LAST_WRITE_DATA,uint8_t,,(uint8_t)(fm25v10_driver[FM25V10_IDX_1]->info.last_write_data_byte),NONE,,,,,,,,FRAM1最後に書き込んだデータ,,
#,FRAM2.STATUS,uint8_t,,(uint8_t)(fm25v10_driver[FM25V10_IDX_2]->info.status),NONE,,,,,,,,FRAM2ステータス,,
#,FRAM2.LAST_START_ADDRESS,uint32_t,,(uint32_t)(fm25v10_driver[FM25V10_IDX_2]->info.last_start_address),NONE,,,,,,,,FRAM2最後にアクセスした先頭アドレス,,
#,FRAM2.LAST_READ_DATA,uint8_t,,(uint8_t)(fm25v10_driver[FM25V10_IDX_2]->info.last_read_data_byte),NONE,,,,,,,,FRAM2最後に読み出したデータ,,
#,FRAM2.LAST_WRITE_DATA,uint8_t,,(uint8_t)(fm25v10_driver[FM25V10_IDX_2]->info.last_write_data_byte),NONE,,,,,,,,FRAM2最後に書き込んだデータ,,
#,FRAM3.STATUS,uint8_t,,(uint8_t)(fm25v10_driver[FM25V10_IDX_3]->info.status),NONE,,,,,,,,FRAM3ステータス,,
#,FRAM3.LAST_START_ADDRESS,uint32_t,,(uint32_t)(fm25v10_driver[FM25V10_IDX_3]->info.last_start_address),NONE,,,,,,,,FRAM3最後にアクセスした先頭アドレス,,
#,FRAM3.LAST_READ_DATA,uint8_t,,(uint8_t)(fm25v10_driver[FM25V10_IDX_3]->info.last_read_data_byte),NONE,,,,,,,,FRAM3最後に読み出したデータ,,
#,FRAM3.LAST_WRITE_DATA,uint8_t,,(uint8_t)(fm25v10_driver[FM25V10_IDX_3]->info.last_write_data_byte),NONE,,,,,,,,FRAM3最後に書き込んだデータ,,
#,FRAM4.STATUS,uint8_t,,(uint8_t)(fm25v10_driver[FM25V10_IDX_4]->info.status),NONE,,,,,,,,FRAM4ステータス,,
#,FRAM4.LAST_START_ADDRESS,uint32_t,,(uint32_t)(fm25v10_driver[FM25V10_IDX_4]->info.last_start_address),NONE,,,,,,,,FRAM4最後にアクセスした先頭アドレス,,
#,FRAM4.LAST_READ_DATA,uint8_t,,(uint8_t)(fm25v10_driver[FM25V10_IDX_4]->info.last_read_data_byte),NONE,,,,,,,,FRAM4最後に読み出したデータ,,
#,FRAM4.LAST_WRITE_DATA,uint8_t,,(uint8_t)(fm25v10_driver[FM25V10_IDX_4]->info.last_write_data_byte),NONE,,,,,,,,FRAM4最後に書き込んだデータ,,
#,NV_BC.IS_ACTIVE,uint8_t,,nvm_bc->is_active,STATUS,,,,,,,"0=DISABLE, 1=ENABLE, *=N/A",不揮発メモリへのBC自動バックアップが有効かどうか,,
#,NV_BC.BC_ID_TO_COPY,uint16_t,,(uint16_t)nvm_bc->bc_id_to_copy,NONE,,,,,,,,次にコピーする BC の ID,,
#,NV_BC.BC_NUM_TO_COPY,uint8_t,,nvm_bc->bc_num_to_copy,NONE,,,,,,,,一度に何個の BC をコピーするか,,
#,NV_BC.ADDR_FOR_READY_FLAGS,uint32_t,,nvm_bc->address_for_ready_flags,NONE,,,,,,,,is_ready_to_restore を保存している領域の開始アドレス,,
#,NV_BC.ADDR_FOR_BC,uint32_t,,nvm_bc->address_for_bc,NONE,,,,,,,,BCT を保存している領域の開始アドレス,,
#,NV_BC.IS_READY_TO_RESTORE.0,_uint8_t,1,(uint8_t)((nvm_bc->is_ready_to_restore[0] << 7 & 0x80) | (nvm_bc->is_ready_to_restore[1] << 6 & 0x40) | (nvm_bc->is_ready_to_restore[2] << 5 & 0x20) | (nvm_bc->is_ready_to_restore[3] << 4 & 0x10) | (nvm_bc->is_ready_to_restore[4] << 3 & 0x08) | (nvm_bc->is_ready_to_restore[5] << 2 & 0x04) | (nvm_bc->is_ready_to_restore[6] << 1 & 0x02) | (nvm_bc->is_ready_to_restore[7] & 0x01) ),STATUS,,,,,,,"0=NO, 1=YES, *=N/A",この BC が復元できる状態かどうか,,
#,NV_BC.IS_READY_TO_RESTORE.1,,1,,STATUS,,,,,,,"0=NO, 1=YES, *=N/A",この BC が復元できる状態かどうか,,
#,NV_BC.IS_READY_TO_RESTORE.2,,1,,STATUS,,,,,,,"0=NO, 1=YES, *=N/A",この BC が復元できる状態かどうか,,
#,NV_BC.IS_READY_TO_RESTORE.3,,1,,STATUS,,,,,,,"0=NO, 1=YES, *=N/A",この BC が復元できる状態かどうか,,
#,NV_BC.IS_READY_TO_RESTORE.4,,1,,STATUS,,,,,,,"0=NO, 1=YES, *=N/A",この BC が復元できる状態かどうか,,
#,NV_BC.IS_READY_TO_RESTORE.5,,1,,STATUS,,,,,,,"0=NO, 1=YES, *=N/A",この BC が復元できる状態かどうか,,
#,NV_BC.IS_READY_TO_RESTORE.6,,1,,STATUS,,,,,,,"0=NO, 1=YES, *=N/A",この BC が復元できる状態かどうか,,
#,NV_BC.IS_READY_TO_RESTORE.7,,1,,STATUS,,,,,,,"0=NO, 1=YES, *=N/A",この BC が復元できる状態かどうか,,
#,NV_BC.IS_READY_TO_RESTORE.8,_uint8_t,1,(uint8_t)((nvm_bc->is_ready_to_restore[8] << 7 & 0x80) | (nvm_bc->is_ready_to_restore[9] << 6 & 0x40) | (nvm_bc->is_ready_to_restore[10] << 5 & 0x20) | (nvm_bc->is_ready_to_restore[11] << 4 & 0x10) | (nvm_bc->is_ready_to_restore[12] << 3 & 0x08) | (nvm_bc->is_ready_to_restore[13] << 2 & 0x04) | (nvm_bc->is_ready_to_restore[14] << 1 & 0x02) | (nvm_bc->is_ready_to_restore[15] & 0x01) ),STATUS,,,,,,,"0=NO, 1=YES, *=N/A",この BC が復元できる状態かどうか,,
#,NV_BC.IS_READY_TO_RESTORE.9,,1,,STATUS,,,,,,,"0=NO, 1=YES, *=N/A",この BC が復元できる状態かどうか,,
#,NV_BC.IS_READY_TO_RESTORE.10,,1,,STATUS,,,,,,,"0=NO, 1=YES, *=N/A",この BC が復元できる状態かどうか,,
#,NV_BC.IS_READY_TO_RESTORE.11,,1,,STATUS,,,,,,,"0=NO, 1=YES, *=N/A",この BC が復元できる状態かどうか,,
#,NV_BC.IS_READY_TO_RESTORE.12,,1,,STATUS,,,,,,,"0=NO, 1=YES, *=N/A",この BC が復元できる状態かどうか,,
#,NV_BC.IS_READY_TO_RESTORE.13,,1,,STATUS,,,,,,,"0=NO, 1=YES, *=N/A",この BC が復元できる状態かどうか,,
#,NV_BC.IS_READY_TO_RESTORE.14,,1,,STATUS,,,,,,,"0=NO, 1=YES, *=N/A",この BC が復元できる状態かどうか,,
#,NV_BC.IS_READY_TO_RESTORE.15,,1,,STATUS,,,,,,,"0=NO, 1=YES, *=N/A",この BC が復元できる状態かどうか,,
#,NV_BC.IS_READY_TO_RESTORE.16,_uint8_t,1,(uint8_t)((nvm_bc->is_ready_to_restore[16] << 7 & 0x80) | (nvm_bc->is_ready_to_restore[17] << 6 & 0x40) | (nvm_bc->is_ready_to_restore[18] << 5 & 0x20) | (nvm_bc->is_ready_to_restore[19] << 4 & 0x10) | (nvm_bc->is_ready_to_restore[20] << 3 & 0x08) | (nvm_bc->is_ready_to_restore[21] << 2 & 0x04) | (nvm_bc->is_ready_to_restore[22] << 1 & 0x02) | (nvm_bc->is_ready_to_restore[23] & 0x01) ),STATUS,,,,,,,"0=NO, 1=YES, *=N/A",この BC が復元できる状態かどうか,,
#,NV_BC.IS_READY_TO_RESTORE.17,,1,,STATUS,,,,,,,"0=NO, 1=YES, *=N/A",この BC が復元できる状態かどうか,,
#,NV_BC.IS_READY_TO_RESTORE.18,,1,,STATUS,,,,,,,"0=NO, 1=YES, *=N/A",この BC が復元できる状態かどうか,,
#,NV_BC.IS_READY_TO_RESTORE.19,,1,,STATUS,,,,,,,"0=NO, 1=YES, *=N/A",この BC が復元できる状態かどうか,,
#,NV_BC.IS_READY_TO_RESTORE.20,,1,,STATUS,,,,,,,"0=NO, 1=YES, *=N/A",この BC が復元できる状態かどうか,,
#,NV_BC.IS_READY_TO_RESTORE.21,,1,,STATUS,,,,,,,"0=NO, 1=YES, *=N/A",この BC が復元できる状態かどうか,,
#,NV_BC.IS_READY_TO_RESTORE.22,,1,,STATUS,,,,,,,"0=NO, 1=YES, *=N/A",この BC が復元できる状態かどうか,,
#,NV_BC.IS_READY_TO_RESTORE.23,,1,,STATUS,,,,,,,"0=NO, 1=YES, *=N/A",この BC が復元できる状態かどうか,,
#,NV_BC.IS_READY_TO_RESTORE.24,_uint8_t,1,(uint8_t)((nvm_bc->is_ready_to_restore[24] << 7 & 0x80) | (nvm_bc->is_ready_to_restore[25] << 6 & 0x40) | (nvm_bc->is_ready_to_restore[26] << 5 & 0x20) | (nvm_bc->is_ready_to_restore[27] << 4 & 0x10) | (nvm_bc->is_ready_to_restore[28] << 3 & 0x08) | (nvm_bc->is_ready_to_restore[29] << 2 & 0x04) | (nvm_bc->is_ready_to_restore[30] << 1 & 0x02) | (nvm_bc->is_ready_to_restore[31] & 0x01) ),STATUS,,,,,,,"0=NO, 1=YES, *=N/A",この BC が復元できる状態かどうか,,
#,NV_BC.IS_READY_TO_RESTORE.25,,1,,STATUS,,,,,,,"0=NO, 1=YES, *=N/A",この BC が復元できる状態かどうか,,
#,NV_BC.IS_READY_TO_RESTORE.26,,1,,STATUS,,,,,,,"0=NO, 1=YES, *=N/A",この BC が復元できる状態かどうか,,
#,NV_BC.IS_READY_TO_RESTORE.27,,1,,STATUS,,,,,,,"0=NO, 1=YES, *=N/A",この BC が復元できる状態かどうか,,
#,NV_BC.IS_READY_TO_RESTORE.28,,1,,STATUS,,,,,,,"0=NO, 1=YES, *=N/A",この BC が復元できる状態かどうか,,
#,NV_BC.IS_READY_TO_RESTORE.29,,1,,STATUS,,,,,,,"0=NO, 1=YES, *=N/A",この BC が復元できる状態かどうか,,
#,NV_BC.IS_READY_TO_RESTORE.30,,1,,STATUS,,,,,,,"0=NO, 1=YES, *=N/A",この BC が復元できる状態かどうか,,
#,NV_BC.IS_READY_TO_RESTORE.31,,1,,STATUS,,,,,,,"0=NO, 1=YES, *=N/A",この BC が復元できる状態かどうか,,
#,NV_BC.IS_READY_TO_RESTORE.32,_uint8_t,1,(uint8_t)((nvm_bc->is_ready_to_restore[32] << 7 & 0x80) | (nvm_bc->is_ready_to_restore[33] << 6 & 0x40) | (nvm_bc->is_ready_to_restore[34] << 5 & 0x20) | (nvm_bc->is_ready_to_restore[35] << 4 & 0x10) | (nvm_bc->is_ready_to_restore[36] << 3 & 0x08) | (nvm_bc->is_ready_to_restore[37] << 2 & 0x04) | (nvm_bc->is_ready_to_restore[38] << 1 & 0x02) | (nvm_bc->is_ready_to_restore[39] & 0x01) ),STATUS,,,,,,,"0=NO, 1=YES, *=N/A",この BC が復元できる状態かどうか,,
#,NV_BC.IS_READY_TO_RESTORE.33,,1,,STATUS,,,,,,,"0=NO, 1=YES, *=N/A",この BC が復元できる状態かどうか,,
#,NV_BC.IS_READY_TO_RESTORE.34,,1,,STATUS,,,,,,,"0=NO, 1=YES, *=N/A",この BC が復元できる状態かどうか,,
#,NV_BC.IS_READY_TO_RESTORE.35,,1,,STATUS,,,,,,,"0=NO, 1=YES, *=N/A",この BC が復元できる状態かどうか,,
#,NV_BC.IS_READY_TO_RESTORE.36,,1,,STATUS,,,,,,,"0=NO, 1=YES, *=N/A",この BC が復元できる状態かどうか,,
#,NV_BC.IS_READY_TO_RESTORE.37,,1,,STATUS,,,,,,,"0=NO, 1=YES, *=N/A",この BC が復元できる状態かどうか,,
#,NV_BC.IS_READY_TO_RESTORE.38,,1,,STATUS,,,,,,,"0=NO, 1=YES, *=N/A",この BC が復元できる状態かどうか,,
#,NV_BC.IS_READY_TO_RESTORE.39,,1,,STATUS,,,,,,,"0=NO, 1=YES, *=N/A",この BC が復元できる状態かどうか,,
#,NV_BC.IS_READY_TO_RESTORE.40,_uint8_t,1,(uint8_t)((nvm_bc->is_ready_to_restore[40] << 7 & 0x80) | (nvm_bc->is_ready_to_restore[41] << 6 & 0x40) | (nvm_bc->is_ready_to_restore[42] << 5 & 0x20) | (nvm_bc->is_ready_to_restore[43] << 4 & 0x10) | (nvm_bc->is_ready_to_restore[44] << 3 & 0x08) | (nvm_bc->is_ready_to_restore[45] << 2 & 0x04) | (nvm_bc->is_ready_to_restore[46] << 1 & 0x02) | (nvm_bc->is_ready_to_restore[47] & 0x01) ),STATUS,,,,,,,"0=NO, 1=YES, *=N/A",この BC が復元できる状態かどうか,,
#,NV_BC.IS_READY_TO_RESTORE.41,,1,,STATUS,,,,,,,"0=NO, 1=YES, *=N/A",この BC が復元できる状態かどうか,,
#,NV_BC.IS_READY_TO_RESTORE.42,,1,,STATUS,,,,,,,"0=NO, 1=YES, *=N/A",この BC が復元できる状態かどうか,,
#,NV_BC.IS_READY_TO_RESTORE.43,,1,,STATUS,,,,,,,"0=NO, 1=YES, *=N/A",この BC が復元できる状態かどうか,,
#,NV_BC.IS_READY_TO_RESTORE.44,,1,,STATUS,,,,,,,"0=NO, 1=YES, *=N/A",この BC が復元できる状態かどうか,,
#,NV_BC.IS_READY_TO_RESTORE.45,,1,,STATUS,,,,,,,"0=NO, 1=YES, *=N/A",この BC が復元できる状態かどうか,,
#,NV_BC.IS_READY_TO_RESTORE.46,,1,,STATUS,,,,,,,"0=NO, 1=YES, *=N/A",この BC が復元できる状態かどうか,,
#,NV_BC.IS_READY_TO_RESTORE.47,,1,,STATUS,,,,,,,"0=NO, 1=YES, *=N/A",この BC が復元できる状態かどうか,,
#,NV_BC.IS_READY_TO_RESTORE.48,_uint8_t,1,(uint8_t)((nvm_bc->is_ready_to_restore[48] << 7 & 0x80) | (nvm_bc->is_ready_to_restore[49] << 6 & 0x40) | (nvm_bc->is_ready_to_restore[50] << 5 & 0x20) | (nvm_bc->is_ready_to_restore[51] << 4 & 0x10) | (nvm_bc->is_ready_to_restore[52] << 3 & 0x08) | (nvm_bc->is_ready_to_restore[53] << 2 & 0x04) | (nvm_bc->is_ready_to_restore[54] << 1 & 0x02) | (nvm_bc->is_ready_to_restore[55] & 0x01) ),STATUS,,,,,,,"0=NO, 1=YES, *=N/A",この BC が復元できる状態かどうか,,
#,NV_BC.IS_READY_TO_RESTORE.49,,1,,STATUS,,,,,,,"0=NO, 1=YES, *=N/A",この BC が復元できる状態かどうか,,
#,NV_BC.IS_READY_TO_RESTORE.50,,1,,STATUS,,,,,,,"0=NO, 1=YES, *=N/A",この BC が復元できる状態かどうか,,
#,NV_BC.IS_READY_TO_RESTORE.51,,1,,STATUS,,,,,,,"0=NO, 1=YES, *=N/A",この BC が復元できる状態かどうか,,
#,NV_BC.IS_READY_TO_RESTORE.52,,1,,STATUS,,,,,,,"0=NO, 1=YES, *=N/A",この BC が復元できる状態かどうか,,
#,NV_BC.IS_READY_TO_RESTORE.53,,1,,STATUS,,,,,,,"0=NO, 1=YES, *=N/A",この BC が復元できる状態かどうか,,
#,NV_BC.IS_READY_TO_RESTORE.54,,1,,STATUS,,,,,,,"0=NO, 1=YES, *=N/A",この BC が復元できる状態かどうか,,
#,NV_BC.IS_READY_TO_RESTORE.55,,1,,STATUS,,,,,,,"0=NO, 1=YES, *=N/A",この BC が復元できる状態かどうか,,
#,NV_BC.IS_READY_TO_RESTORE.56,_uint8_t,1,(uint8_t)((nvm_bc->is_ready_to_restore[56] << 7 & 0x80) | (nvm_bc->is_ready_to_restore[57] << 6 & 0x40) | (nvm_bc->is_ready_to_restore[58] << 5 & 0x20) | (nvm_bc->is_ready_to_restore[59] << 4 & 0x10) | (nvm_bc->is_ready_to_restore[60] << 3 & 0x08) | (nvm_bc->is_ready_to_restore[61] << 2 & 0x04) | (nvm_bc->is_ready_to_restore[62] << 1 & 0x02) | (nvm_bc->is_ready_to_restore[63] & 0x01) ),STATUS,,,,,,,"0=NO, 1=YES, *=N/A",この BC が復元できる状態かどうか,,
#,NV_BC.IS_READY_TO_RESTORE.57,,1,,STATUS,,,,,,,"0=NO, 1=YES, *=N/A",この BC が復元できる状態かどうか,,
#,NV_BC.IS_READY_TO_RESTORE.58,,1,,STATUS,,,,,,,"0=NO, 1=YES, *=N/A",この BC が復元できる状態かどうか,,
#,NV_BC.IS_READY_TO_RESTORE.59,,1,,STATUS,,,,,,,"0=NO, 1=YES, *=N/A",この BC が復元できる状態かどうか,,
#,NV_BC.IS_READY_TO_RESTORE.60,,1,,STATUS,,,,,,,"0=NO, 1=YES, *=N/A",この BC が復元できる状態かどうか,,
#,NV_BC.IS_READY_TO_RESTORE.61,,1,,STATUS,,,,,,,"0=NO, 1=YES, *=N/A",この BC が復元できる状態かどうか,,
#,NV_BC.IS_READY_TO_RESTORE.62,,1,,STATUS,,,,,,,"0=NO, 1=YES, *=N/A",この BC が復元できる状態かどうか,,
#,NV_BC.IS_READY_TO_RESTORE.63,,1,,STATUS,,,,,,,"0=NO, 1=YES, *=N/A",この BC が復元できる状態かどうか,,
#,NV_BC.IS_READY_TO_RESTORE.64,_uint8_t,1,(uint8_t)((nvm_bc->is_ready_to_restore[64] << 7 & 0x80) | (nvm_bc->is_ready_to_restore[65] << 6 & 0x40) | (nvm_bc->is_ready_to_restore[66] << 5 & 0x20) | (nvm_bc->is_ready_to_restore[67] << 4 & 0x10) | (nvm_bc->is_ready_to_restore[68] << 3 & 0x08) | (nvm_bc->is_ready_to_restore[69] << 2 & 0x04) | (nvm_bc->is_ready_to_restore[70] << 1 & 0x02) | (nvm_bc->is_ready_to_restore[71] & 0x01) ),STATUS,,,,,,,"0=NO, 1=YES, *=N/A",この BC が復元できる状態かどうか,,
#,NV_BC.IS_READY_TO_RESTORE.65,,1,,STATUS,,,,,,,"0=NO, 1=YES, *=N/A",この BC が復元できる状態かどうか,,
#,NV_BC.IS_READY_TO_RESTORE.66,,1,,STATUS,,,,,,,"0=NO, 1=YES, *=N/A",この BC が復元できる状態かどうか,,
#,NV_BC.IS_READY_TO_RESTORE.67,,1,,STATUS,,,,,,,"0=NO, 1=YES, *=N/A",この BC が復元できる状態かどうか,,
#,NV_BC.IS_READY_TO_RESTORE.68,,1,,STATUS,,,,,,,"0=NO, 1=YES, *=N/A",この BC が復元できる状態かどうか,,
#,NV_BC.IS_READY_TO_RESTORE.69,,1,,STATUS,,,,,,,"0=NO, 1=YES, *=N/A",この BC が復元できる状態かどうか,,
#,NV_BC.IS_READY_TO_RESTORE.70,,1,,STATUS,,,,,,,"0=NO, 1=YES, *=N/A",この BC が復元できる状態かどうか,,
#,NV_BC.IS_READY_TO_RESTORE.71,,1,,STATUS,,,,,,,"0=NO, 1=YES, *=N/A",この BC が復元できる状態かどうか,,
#,NV_BC.IS_READY_TO_RESTORE.72,_uint8_t,1,(uint8_t)((nvm_bc->is_ready_to_restore[72] << 7 & 0x80) | (nvm_bc->is_ready_to_restore[73] << 6 & 0x40) | (nvm_bc->is_ready_to_restore[74] << 5 & 0x20) | (nvm_bc->is_ready_to_restore[75] << 4 & 0x10) | (nvm_bc->is_ready_to_restore[76] << 3 & 0x08) | (nvm_bc->is_ready_to_restore[77] << 2 & 0x04) | (nvm_bc->is_ready_to_restore[78] << 1 & 0x02) | (nvm_bc->is_ready_to_restore[79] & 0x01) ),STATUS,,,,,,,"0=NO, 1=YES, *=N/A",この BC が復元できる状態かどうか,,
#,NV_BC.IS_READY_TO_RESTORE.73,,1,,STATUS,,,,,,,"0=NO, 1=YES, *=N/A",この BC が復元できる状態かどうか,,
#,NV_BC.IS_READY_TO_RESTORE.74,,1,,STATUS,,,,,,,"0=NO, 1=YES, *=N/A",この BC が復元できる状態かどうか,,
#,NV_BC.IS_READY_TO_RESTORE.75,,1,,STATUS,,,,,,,"0=NO, 1=YES, *=N/A",この BC が復元できる状態かどうか,,
#,NV_BC.IS_READY_TO_RESTORE.76,,1,,STATUS,,,,,,,"0=NO, 1=YES, *=N/A",この BC が復元できる状態かどうか,,
#,NV_BC.IS_READY_TO_RESTORE.77,,1,,STATUS,,,,,,,"0=NO, 1=YES, *=N/A",この BC が復元できる状態かどうか,,
#,NV_BC.IS_READY_TO_RESTORE.78,,1,,STATUS,,,,,,,"0=NO, 1=YES, *=N/A",この BC が復元できる状態かどうか,,
#,NV_BC.IS_READY_TO_RESTORE.79,,1,,STATUS,,,,,,,"0=NO, 1=YES, *=N/A",この BC が復元できる状態かどうか,,
