TRUE,36,OBC,,,,,,,,,,,,,
subsystem,name,type,bit,var,conv,a0,a1,a2,a3,a4,a5,status,description,note,priority
,PH.VER,_uint16_t,3,,NONE,,,,,,,,,,
,PH.TYPE,,1,,NONE,,,,,,,,,,
,PH.SH_FLAG,,1,,NONE,,,,,,,,,,
,PH.APID,,11,,NONE,,,,,,,,,,
,PH.SEQ_FLAG,_uint16_t,2,,NONE,,,,,,,,,,
,PH.SEQ_COUNT,,14,,NONE,,,,,,,,,,
,PH.PACKET_LEN,uint16_t,,,NONE,,,,,,,,,,
,SH.VER,uint8_t,,,NONE,,,,,,,,,,
,SH.TI,uint32_t,,,NONE,,,,,,,,,,
,SH.TLM_ID,uint8_t,,,HEX,,,,,,,,,,
,SH.GLOBAL_TIME,double,,,NONE,,,,,,,,,,
,SH.ON_BOARD_SUBNET_TIME,uint32_t,,,NONE,,,,,,,,,,
,SH.DEST_FLAGS,uint8_t,,,HEX,,,,,,,,,,
,SH.DEST_INFO,uint8_t,,,NONE,,,,,,,,,,
,POW_SWITCH_STATE.INA260,uint8_t,,(uint8_t)(power_switch_control->switch_state_5v[APP_PSC_5V_IDX_INA260]),STATUS,,,,,,,"0=OFF, 1=ON",INA260の電源状態,,
,POW_SWITCH_STATE.MPU9250,uint8_t,,(uint8_t)(power_switch_control->switch_state_5v[APP_PSC_5V_IDX_MPU9250]),STATUS,,,,,,,"0=OFF, 1=ON",MPU9250の電源状態,,
,POW_SWITCH_STATE.RM3100,uint8_t,,(uint8_t)(power_switch_control->switch_state_5v[APP_PSC_5V_IDX_RM3100]),STATUS,,,,,,,"0=OFF, 1=ON",RM3100の電源状態の電源状態,,
,POW_SWITCH_STATE.NANOSSOC_D60,uint8_t,,(uint8_t)(power_switch_control->switch_state_5v[APP_PSC_5V_IDX_NANOSSOC_D60]),STATUS,,,,,,,"0=OFF, 1=ON",nanoSSOC-D60の電源状態,,
,POW_SWITCH_STATE.MTQ,uint8_t,,(uint8_t)(power_switch_control->switch_state_5v[APP_PSC_5V_IDX_MTQ_SEIREN]),STATUS,,,,,,,"0=OFF, 1=ON",MTQの電源状態,,
,POW_SWITCH_STATE.STIM210,uint8_t,,(uint8_t)(power_switch_control->switch_state_unreg[APP_PSC_UNREG_IDX_STIM210]),STATUS,,,,,,,"0=OFF, 1=ON",STIM210の電源状態,,
,POW_SWITCH_STATE.SAGITTA,uint8_t,,(uint8_t)(power_switch_control->switch_state_unreg[APP_PSC_UNREG_IDX_SAGITTA]),STATUS,,,,,,,"0=OFF, 1=ON",Sagittaの電源状態,,
,POW_SWITCH_STATE.OEM7600,uint8_t,,(uint8_t)(power_switch_control->switch_state_unreg[APP_PSC_UNREG_IDX_OEM7600]),STATUS,,,,,,,"0=OFF, 1=ON",OEM7600の電源状態,,
,POW_SWITCH_STATE.RWX,uint8_t,,(uint8_t)(power_switch_control->switch_state_unreg[APP_PSC_UNREG_IDX_RWX]),STATUS,,,,,,,"0=OFF, 1=ON",RW Xの電源状態,,
,POW_SWITCH_STATE.RWY,uint8_t,,(uint8_t)(power_switch_control->switch_state_unreg[APP_PSC_UNREG_IDX_RWY]),STATUS,,,,,,,"0=OFF, 1=ON",RW Yの電源状態,,
,POW_SWITCH_STATE.RWZ,uint8_t,,(uint8_t)(power_switch_control->switch_state_unreg[APP_PSC_UNREG_IDX_RWZ]),STATUS,,,,,,,"0=OFF, 1=ON",RW Zの電源状態,,
,PIC.CURRENT_MA,int16_t,,(int16_t)(ina260_driver[INA260_IDX_PIC]->info.current_raw),POLY,0,1.25,,,,,,PIC電流値生値,,
,PIC.VOLTAGE_V,uint16_t,,(uint16_t)(ina260_driver[INA260_IDX_PIC]->info.voltage_raw),POLY,0,0.00125,,,,,,PIC電圧値生値,,
,PIC.OC_THRE_MA,uint16_t,,(uint16_t)(ina260_driver[INA260_IDX_PIC]->info.oc_threshold_raw),POLY,0,1.25,,,,,,PIC過電流検知閾値電流生値,,
,PIC.OC_EL_THRE_V,uint16_t,,(uint16_t)(current_anomaly->hw_oc_event_logger_threshold_V[INA260_IDX_PIC]),NONE,,,,,,,,PIC過電流検知EL閾値電流,,
,PIC.SW_OC_THRE_MA,uint16_t,,(uint16_t)(current_anomaly->sw_oc_threshold_mA[INA260_IDX_PIC]),NONE,,,,,,,,PIC S/W過電流検知閾値電流,,
,STIM.CURRENT_MA,int16_t,,(int16_t)(ina260_driver[INA260_IDX_STIM210]->info.current_raw),POLY,0,1.25,,,,,,STIM電流値生値,,
,STIM.VOLTAGE_V,uint16_t,,(uint16_t)(ina260_driver[INA260_IDX_STIM210]->info.voltage_raw),POLY,0,0.00125,,,,,,STIM電圧値生値,,
,STIM.OC_THRE_MA,uint16_t,,(uint16_t)(ina260_driver[INA260_IDX_STIM210]->info.oc_threshold_raw),POLY,0,1.25,,,,,,STIM過電流検知閾値電流生値,,
,STIM.OC_EL_THRE_V,uint16_t,,(uint16_t)(current_anomaly->hw_oc_event_logger_threshold_V[INA260_IDX_STIM210]),NONE,,,,,,,,STIM過電流検知EL閾値電流,,
,STIM.SW_OC_MA,uint16_t,,(uint16_t)(current_anomaly->sw_oc_threshold_mA[INA260_IDX_STIM210]),NONE,,,,,,,,STIM S/W過電流検知閾値電流,,
,SAGITTA.CURRENT_MA,int16_t,,(int16_t)(ina260_driver[INA260_IDX_SAGITTA]->info.current_raw),POLY,0,1.25,,,,,,STT電流値生値,,
,SAGITTA.VOLTAGE_V,uint16_t,,(uint16_t)(ina260_driver[INA260_IDX_SAGITTA]->info.voltage_raw),POLY,0,0.00125,,,,,,STT電圧値生値,,
,SAGITTA.OC_THRE_MA,uint16_t,,(uint16_t)(ina260_driver[INA260_IDX_SAGITTA]->info.oc_threshold_raw),POLY,0,1.25,,,,,,STT過電流検知閾値電流生値,,
,SAGITTA.OC_EL_THRE_V,uint16_t,,(uint16_t)(current_anomaly->hw_oc_event_logger_threshold_V[INA260_IDX_SAGITTA]),NONE,,,,,,,,STT過電流検知EL閾値電流,,
,SAGITTA.SW_OC_THRE_MA,uint16_t,,(uint16_t)(current_anomaly->sw_oc_threshold_mA[INA260_IDX_SAGITTA]),NONE,,,,,,,,STT S/W過電流検知閾値電流,,
,OEM.CURRENT_MA,int16_t,,(int16_t)(ina260_driver[INA260_IDX_OEM7600]->info.current_raw),POLY,0,1.25,,,,,,OEM電流値生値,,
,OEM.VOLTAGE_V,uint16_t,,(uint16_t)(ina260_driver[INA260_IDX_OEM7600]->info.voltage_raw),POLY,0,0.00125,,,,,,OEM電圧値生値,,
,OEM.OC_THRE_MA,uint16_t,,(uint16_t)(ina260_driver[INA260_IDX_OEM7600]->info.oc_threshold_raw),POLY,0,1.25,,,,,,OEM過電流検知閾値電流生値,,
,OEM.OC_EL_THRE_V,uint16_t,,(uint16_t)(current_anomaly->hw_oc_event_logger_threshold_V[INA260_IDX_OEM7600]),NONE,,,,,,,,OEM過電流検知EL閾値電流,,
,OEM.SW_OC_THRE_MA,uint16_t,,(uint16_t)(current_anomaly->sw_oc_threshold_mA[INA260_IDX_OEM7600]),NONE,,,,,,,,OEM S/W過電流検知閾値電流,,
,RM.CURRENT_MA,int16_t,,(int16_t)(ina260_driver[INA260_IDX_RM3100]->info.current_raw),POLY,0,1.25,,,,,,RM電流値生値,,
,RM.VOLTAGE_V,uint16_t,,(uint16_t)(ina260_driver[INA260_IDX_RM3100]->info.voltage_raw),POLY,0,0.00125,,,,,,RM電圧値生値,,
,RM.OC_THRE_MA,uint16_t,,(uint16_t)(ina260_driver[INA260_IDX_RM3100]->info.oc_threshold_raw),POLY,0,1.25,,,,,,RM過電流検知閾値電流生値,,
,RM.OC_EL_THRE_V,uint16_t,,(uint16_t)(current_anomaly->hw_oc_event_logger_threshold_V[INA260_IDX_RM3100]),NONE,,,,,,,,RM過電流検知EL閾値電流,,
,RM.SW_OC_THRE_MA,uint16_t,,(uint16_t)(current_anomaly->sw_oc_threshold_mA[INA260_IDX_RM3100]),NONE,,,,,,,,RM S/W過電流検知閾値電流,,
,NANO_SSOC_D60.CURRENT_MA,int16_t,,(int16_t)(ina260_driver[INA260_IDX_NANOSSOC_D60]->info.current_raw),POLY,0,1.25,,,,,,SS電流値生値,,
,NANO_SSOC_D60.VOLTAGE_V,uint16_t,,(uint16_t)(ina260_driver[INA260_IDX_NANOSSOC_D60]->info.voltage_raw),POLY,0,0.00125,,,,,,SS電圧値生値,,
,NANO_SSOC_D60.OC_THRE_MA,uint16_t,,(uint16_t)(ina260_driver[INA260_IDX_NANOSSOC_D60]->info.oc_threshold_raw),POLY,0,1.25,,,,,,SS過電流検知閾値電流生値,,
,NANO_SSOC_D60.OC_EL_THRE_V,uint16_t,,(uint16_t)(current_anomaly->hw_oc_event_logger_threshold_V[INA260_IDX_NANOSSOC_D60]),NONE,,,,,,,,SS過電流検知EL閾値電流,,
,NANO_SSOC_D60.SW_OC_THRE_MA,uint16_t,,(uint16_t)(current_anomaly->sw_oc_threshold_mA[INA260_IDX_NANOSSOC_D60]),NONE,,,,,,,,SS S/W過電流検知閾値電流,,
,MTQ.CURRENT_MA,int16_t,,(int16_t)(ina260_driver[INA260_IDX_MTQ]->info.current_raw),POLY,0,1.25,,,,,,MTQ電流値生値,,
,MTQ.VOLTAGE_V,uint16_t,,(uint16_t)(ina260_driver[INA260_IDX_MTQ]->info.voltage_raw),POLY,0,0.00125,,,,,,MTQ電圧値生値,,
,MTQ.OC_THRE_MA,uint16_t,,(uint16_t)(ina260_driver[INA260_IDX_MTQ]->info.oc_threshold_raw),POLY,0,1.25,,,,,,MTQ過電流検知閾値電流生値,,
,MTQ.OC_EL_THRE_V,uint16_t,,(uint16_t)(current_anomaly->hw_oc_event_logger_threshold_V[INA260_IDX_MTQ]),NONE,,,,,,,,MTQ過電流検知EL閾値電流,,
,MTQ.SW_OC_THRE_MA,uint16_t,,(uint16_t)(current_anomaly->sw_oc_threshold_mA[INA260_IDX_MTQ]),NONE,,,,,,,,MTQ S/W過電流検知閾値電流,,
,RWX.CURRENT_MA,int16_t,,(int16_t)(ina260_driver[INA260_IDX_RW0003_X]->info.current_raw),POLY,0,1.25,,,,,,RWX電流値生値,,
,RWX.VOLTAGE_V,uint16_t,,(uint16_t)(ina260_driver[INA260_IDX_RW0003_X]->info.voltage_raw),POLY,0,0.00125,,,,,,RWX電圧値生値,,
,RWX.OC_THRE_MA,uint16_t,,(uint16_t)(ina260_driver[INA260_IDX_RW0003_X]->info.oc_threshold_raw),POLY,0,1.25,,,,,,RWX過電流検知閾値電流生値,,
,RWX.OC_EL_THRE_V,uint16_t,,(uint16_t)(current_anomaly->hw_oc_event_logger_threshold_V[INA260_IDX_RW0003_X]),NONE,,,,,,,,RWX過電流検知EL閾値電流,,
,RWX.SW_OC_THRE_MA,uint16_t,,(uint16_t)(current_anomaly->sw_oc_threshold_mA[INA260_IDX_RW0003_X]),NONE,,,,,,,,RWX S/W過電流検知閾値電流,,
,RWY.CURRENT_MA,int16_t,,(int16_t)(ina260_driver[INA260_IDX_RW0003_Y]->info.current_raw),POLY,0,1.25,,,,,,RWY電流値生値,,
,RWY.VOLTAGE_V,uint16_t,,(uint16_t)(ina260_driver[INA260_IDX_RW0003_Y]->info.voltage_raw),POLY,0,0.00125,,,,,,RWY電圧値生値,,
,RWY.OC_THRE_MA,uint16_t,,(uint16_t)(ina260_driver[INA260_IDX_RW0003_Y]->info.oc_threshold_raw),POLY,0,1.25,,,,,,RWY過電流検知閾値電流生値,,
,RWY.OC_EL_THRE_V,uint16_t,,(uint16_t)(current_anomaly->hw_oc_event_logger_threshold_V[INA260_IDX_RW0003_Y]),NONE,,,,,,,,RWY過電流検知EL閾値電流,,
,RWY.SW_OC_THRE_MA,uint16_t,,(uint16_t)(current_anomaly->sw_oc_threshold_mA[INA260_IDX_RW0003_Y]),NONE,,,,,,,,RWY S/W過電流検知閾値電流,,
,RWZ.CURRENT_MA,int16_t,,(int16_t)(ina260_driver[INA260_IDX_RW0003_Z]->info.current_raw),POLY,0,1.25,,,,,,RWZ電流値生値,,
,RWZ.VOLTAGE_V,uint16_t,,(uint16_t)(ina260_driver[INA260_IDX_RW0003_Z]->info.voltage_raw),POLY,0,0.00125,,,,,,RWZ電圧値生値,,
,RWZ.OC_THRE_MA,uint16_t,,(uint16_t)(ina260_driver[INA260_IDX_RW0003_Z]->info.oc_threshold_raw),POLY,0,1.25,,,,,,RWZ過電流検知閾値電流生値,,
,RWZ.OC_EL_THRE_V,uint16_t,,(uint16_t)(current_anomaly->hw_oc_event_logger_threshold_V[INA260_IDX_RW0003_Z]),NONE,,,,,,,,RWZ過電流検知EL閾値電流,,
,RWZ.SW_OC_THRE_MA,uint16_t,,(uint16_t)(current_anomaly->sw_oc_threshold_mA[INA260_IDX_RW0003_Z]),NONE,,,,,,,,RWZ S/W過電流検知閾値電流,,
