TRUE,17,OBC,,,,,,,,,,,,,
subsystem,name,type,bit,var,conv,a0,a1,a2,a3,a4,a5,status,description,note,priority
,PH.VER,_uint16_t,3,,NONE,,,,,,,,,,
,PH.TYPE,,1,,NONE,,,,,,,,,,
,PH.SH_FLAG,,1,,NONE,,,,,,,,,,
,PH.APID,,11,,NONE,,,,,,,,,,
,PH.SEQ_FLAG,_uint16_t,2,,NONE,,,,,,,,,,
,PH.SEQ_COUNT,,14,,NONE,,,,,,,,,,
,PH.PACKET_LEN,uint16_t,,,NONE,,,,,,,,,,
,SH.VER,uint8_t,,,NONE,,,,,,,,,,
,SH.TI,uint32_t,,,NONE,,,,,,,,,,
,SH.TLM_ID,uint8_t,,,HEX,,,,,,,,,,
,SH.GLOBAL_TIME,double,,,NONE,,,,,,,,,,
,SH.ON_BOARD_SUBNET_TIME,uint32_t,,,NONE,,,,,,,,,,
,SH.DEST_FLAGS,uint8_t,,,HEX,,,,,,,,,,
,SH.DEST_INFO,uint8_t,,,NONE,,,,,,,,,,
,CORE0,uint8_t,,(uint8_t)GIT_REV_CORE[0],NONE,,,,,,,,,,
,CORE1,uint8_t,,(uint8_t)GIT_REV_CORE[1],NONE,,,,,,,,,,
,CORE2,uint8_t,,(uint8_t)GIT_REV_CORE[2],NONE,,,,,,,,,,
,CORE3,uint8_t,,(uint8_t)GIT_REV_CORE[3],NONE,,,,,,,,,,
,CORE4,uint8_t,,(uint8_t)GIT_REV_CORE[4],NONE,,,,,,,,,,
,CORE5,uint8_t,,(uint8_t)GIT_REV_CORE[5],NONE,,,,,,,,,,
,CORE6,uint8_t,,(uint8_t)GIT_REV_CORE[6],NONE,,,,,,,,,,
,CORE7,uint8_t,,(uint8_t)GIT_REV_CORE[7],NONE,,,,,,,,,,
,CORE8,uint8_t,,(uint8_t)GIT_REV_CORE[8],NONE,,,,,,,,,,
,CORE9,uint8_t,,(uint8_t)GIT_REV_CORE[9],NONE,,,,,,,,,,
,CORE10,uint8_t,,(uint8_t)GIT_REV_CORE[10],NONE,,,,,,,,,,
,CORE11,uint8_t,,(uint8_t)GIT_REV_CORE[11],NONE,,,,,,,,,,
,CORE12,uint8_t,,(uint8_t)GIT_REV_CORE[12],NONE,,,,,,,,,,
,CORE13,uint8_t,,(uint8_t)GIT_REV_CORE[13],NONE,,,,,,,,,,
,CORE14,uint8_t,,(uint8_t)GIT_REV_CORE[14],NONE,,,,,,,,,,
,CORE15,uint8_t,,(uint8_t)GIT_REV_CORE[15],NONE,,,,,,,,,,
,CORE16,uint8_t,,(uint8_t)GIT_REV_CORE[16],NONE,,,,,,,,,,
,CORE17,uint8_t,,(uint8_t)GIT_REV_CORE[17],NONE,,,,,,,,,,
,CORE18,uint8_t,,(uint8_t)GIT_REV_CORE[18],NONE,,,,,,,,,,
,CORE19,uint8_t,,(uint8_t)GIT_REV_CORE[19],NONE,,,,,,,,,,
,CORE20,uint8_t,,(uint8_t)GIT_REV_CORE[20],NONE,,,,,,,,,,
,CORE21,uint8_t,,(uint8_t)GIT_REV_CORE[21],NONE,,,,,,,,,,
,CORE22,uint8_t,,(uint8_t)GIT_REV_CORE[22],NONE,,,,,,,,,,
,CORE23,uint8_t,,(uint8_t)GIT_REV_CORE[23],NONE,,,,,,,,,,
,CORE24,uint8_t,,(uint8_t)GIT_REV_CORE[24],NONE,,,,,,,,,,
,CORE25,uint8_t,,(uint8_t)GIT_REV_CORE[25],NONE,,,,,,,,,,
,CORE26,uint8_t,,(uint8_t)GIT_REV_CORE[26],NONE,,,,,,,,,,
,CORE27,uint8_t,,(uint8_t)GIT_REV_CORE[27],NONE,,,,,,,,,,
,CORE28,uint8_t,,(uint8_t)GIT_REV_CORE[28],NONE,,,,,,,,,,
,CORE29,uint8_t,,(uint8_t)GIT_REV_CORE[29],NONE,,,,,,,,,,
,CORE30,uint8_t,,(uint8_t)GIT_REV_CORE[30],NONE,,,,,,,,,,
,CORE31,uint8_t,,(uint8_t)GIT_REV_CORE[31],NONE,,,,,,,,,,
,CORE32,uint8_t,,(uint8_t)GIT_REV_CORE[32],NONE,,,,,,,,,,
,CORE33,uint8_t,,(uint8_t)GIT_REV_CORE[33],NONE,,,,,,,,,,
,CORE34,uint8_t,,(uint8_t)GIT_REV_CORE[34],NONE,,,,,,,,,,
,CORE35,uint8_t,,(uint8_t)GIT_REV_CORE[35],NONE,,,,,,,,,,
,CORE36,uint8_t,,(uint8_t)GIT_REV_CORE[36],NONE,,,,,,,,,,
,CORE37,uint8_t,,(uint8_t)GIT_REV_CORE[37],NONE,,,,,,,,,,
,CORE38,uint8_t,,(uint8_t)GIT_REV_CORE[38],NONE,,,,,,,,,,
,CORE39,uint8_t,,(uint8_t)GIT_REV_CORE[39],NONE,,,,,,,,,,
,CORE40,uint8_t,,(uint8_t)GIT_REV_CORE[40],NONE,,,,,,,,,,
,USER0,uint8_t,,(uint8_t)GIT_REV_USER[0],NONE,,,,,,,,,,
,USER1,uint8_t,,(uint8_t)GIT_REV_USER[1],NONE,,,,,,,,,,
,USER2,uint8_t,,(uint8_t)GIT_REV_USER[2],NONE,,,,,,,,,,
,USER3,uint8_t,,(uint8_t)GIT_REV_USER[3],NONE,,,,,,,,,,
,USER4,uint8_t,,(uint8_t)GIT_REV_USER[4],NONE,,,,,,,,,,
,USER5,uint8_t,,(uint8_t)GIT_REV_USER[5],NONE,,,,,,,,,,
,USER6,uint8_t,,(uint8_t)GIT_REV_USER[6],NONE,,,,,,,,,,
,USER7,uint8_t,,(uint8_t)GIT_REV_USER[7],NONE,,,,,,,,,,
,USER8,uint8_t,,(uint8_t)GIT_REV_USER[8],NONE,,,,,,,,,,
,USER9,uint8_t,,(uint8_t)GIT_REV_USER[9],NONE,,,,,,,,,,
,USER10,uint8_t,,(uint8_t)GIT_REV_USER[10],NONE,,,,,,,,,,
,USER11,uint8_t,,(uint8_t)GIT_REV_USER[11],NONE,,,,,,,,,,
,USER12,uint8_t,,(uint8_t)GIT_REV_USER[12],NONE,,,,,,,,,,
,USER13,uint8_t,,(uint8_t)GIT_REV_USER[13],NONE,,,,,,,,,,
,USER14,uint8_t,,(uint8_t)GIT_REV_USER[14],NONE,,,,,,,,,,
,USER15,uint8_t,,(uint8_t)GIT_REV_USER[15],NONE,,,,,,,,,,
,USER16,uint8_t,,(uint8_t)GIT_REV_USER[16],NONE,,,,,,,,,,
,USER17,uint8_t,,(uint8_t)GIT_REV_USER[17],NONE,,,,,,,,,,
,USER18,uint8_t,,(uint8_t)GIT_REV_USER[18],NONE,,,,,,,,,,
,USER19,uint8_t,,(uint8_t)GIT_REV_USER[19],NONE,,,,,,,,,,
,USER20,uint8_t,,(uint8_t)GIT_REV_USER[20],NONE,,,,,,,,,,
,USER21,uint8_t,,(uint8_t)GIT_REV_USER[21],NONE,,,,,,,,,,
,USER22,uint8_t,,(uint8_t)GIT_REV_USER[22],NONE,,,,,,,,,,
,USER23,uint8_t,,(uint8_t)GIT_REV_USER[23],NONE,,,,,,,,,,
,USER24,uint8_t,,(uint8_t)GIT_REV_USER[24],NONE,,,,,,,,,,
,USER25,uint8_t,,(uint8_t)GIT_REV_USER[25],NONE,,,,,,,,,,
,USER26,uint8_t,,(uint8_t)GIT_REV_USER[26],NONE,,,,,,,,,,
,USER27,uint8_t,,(uint8_t)GIT_REV_USER[27],NONE,,,,,,,,,,
,USER28,uint8_t,,(uint8_t)GIT_REV_USER[28],NONE,,,,,,,,,,
,USER29,uint8_t,,(uint8_t)GIT_REV_USER[29],NONE,,,,,,,,,,
,USER30,uint8_t,,(uint8_t)GIT_REV_USER[30],NONE,,,,,,,,,,
,USER31,uint8_t,,(uint8_t)GIT_REV_USER[31],NONE,,,,,,,,,,
,USER32,uint8_t,,(uint8_t)GIT_REV_USER[32],NONE,,,,,,,,,,
,USER33,uint8_t,,(uint8_t)GIT_REV_USER[33],NONE,,,,,,,,,,
,USER34,uint8_t,,(uint8_t)GIT_REV_USER[34],NONE,,,,,,,,,,
,USER35,uint8_t,,(uint8_t)GIT_REV_USER[35],NONE,,,,,,,,,,
,USER36,uint8_t,,(uint8_t)GIT_REV_USER[36],NONE,,,,,,,,,,
,USER37,uint8_t,,(uint8_t)GIT_REV_USER[37],NONE,,,,,,,,,,
,USER38,uint8_t,,(uint8_t)GIT_REV_USER[38],NONE,,,,,,,,,,
,USER39,uint8_t,,(uint8_t)GIT_REV_USER[39],NONE,,,,,,,,,,
,USER40,uint8_t,,(uint8_t)GIT_REV_USER[40],NONE,,,,,,,,,,
