TRUE,32,OBC,,,,,,,,,,,,,
subsystem,name,type,bit,var,conv,a0,a1,a2,a3,a4,a5,status,description,note,priority
,PH.VER,_uint16_t,3,,NONE,,,,,,,,,,
,PH.TYPE,,1,,NONE,,,,,,,,,,
,PH.SH_FLAG,,1,,NONE,,,,,,,,,,
,PH.APID,,11,,NONE,,,,,,,,,,
,PH.SEQ_FLAG,_uint16_t,2,,NONE,,,,,,,,,,
,PH.SEQ_COUNT,,14,,NONE,,,,,,,,,,
,PH.PACKET_LEN,uint16_t,,,NONE,,,,,,,,,,
,SH.VER,uint8_t,,,NONE,,,,,,,,,,
,SH.TI,uint32_t,,,NONE,,,,,,,,,,
,SH.TLM_ID,uint8_t,,,HEX,,,,,,,,,,
,SH.GLOBAL_TIME,double,,,NONE,,,,,,,,,,
,SH.ON_BOARD_SUBNET_TIME,uint32_t,,,NONE,,,,,,,,,,
,SH.DEST_FLAGS,uint8_t,,,HEX,,,,,,,,,,
,SH.DEST_INFO,uint8_t,,,NONE,,,,,,,,,,
,OBC.TM_MODE_TIME,uint32_t,,(uint32_t)(TMGR_get_master_clock().mode_cycle),NONE,,,,,,,,,,
,OBC.MM.OPSMODE,uint8_t,,(uint8_t)(mode_manager->current_id),STATUS,,,,,,,"0=START_UP,1=INITIAL,2=Bdot,3=RoughSunPointing,4=RoughThreeAxisMtq,5=RoughThreeAxisRw,6=FineThreeAxis,7=Reserved,8=MAX,*=N/A",,,
,OBC.MM.STS,_uint8_t,1,(uint8_t)( ((uint8_t)(mode_manager->stat) << 7 & 0x80) | ((uint8_t)(mode_manager->previous_id) & 0x7F) ),STATUS,,,,,,,"0=FINISHED,1=PROGRESS:G,*=N/A",,,
,OBC.MM.OPSMODE_PREV,,7,,STATUS,,,,,,,"0=START_UP,1=INITIAL,2=Bdot,3=RoughSunPointing,4=RoughThreeAxisMtq,5=RoughThreeAxisRw,6=FineThreeAxis,7=Reserved,8=MAX,*=N/A",,,
,OBC.TDSP_CURRENT_ID,uint16_t,,task_dispatcher->task_list_id,NONE,,,,,,,,,,
,OBC.GS_CMD.COUNTER,uint8_t,,(uint8_t)(PH_gs_cmd_list.executed_nodes_),NONE,,,,,,,,地上局コマンドカウンタ,,
,OBC.GS_CMD.LAST_EXEC_TIME,uint32_t,,(uint32_t)gs_command_dispatcher->prev.time.total_cycle,NONE,,,,,,,,最新地上局コマンド実行時刻,,
,OBC.GS_CMD.LAST_EXEC_ID,uint16_t,,(uint16_t)(gs_command_dispatcher->prev.code),NONE,,,,,,,,最新地上局コマンドID,,
,OBC.GS_CMD.LAST_EXEC_STS,uint8_t,,(uint8_t)(gs_command_dispatcher->prev.cmd_ret.exec_sts),STATUS,,,,,,,"0=SUC, 1=LEN, 2=PRM, 3=CNT, 4=NDF, 5=RUT, 6=FMT",最新地上局コマンド実行結果,,
,OBC.GS_CMD.ERR_COUNTER,uint8_t,,(uint8_t)(gs_command_dispatcher->error_counter),NONE,,,,,,,,アノマリ対応発生回数,,
,OBC.GS_CMD.LAST_ERR_TIME,uint32_t,,(uint32_t)gs_command_dispatcher->prev_err.time.total_cycle,NONE,,,,,,,,地上局異常コマンド実行時刻,,
,OBC.GS_CMD.LAST_ERR_ID,uint16_t,,(uint16_t)(gs_command_dispatcher->prev_err.code),NONE,,,,,,,,地上局異常コマンドID,,
,OBC.GS_CMD.LAST_ERR_STS,uint8_t,,(uint8_t)(gs_command_dispatcher->prev_err.cmd_ret.exec_sts),STATUS,,,,,,,"0=SUC, 1=LEN, 2=PRM, 3=CNT, 4=NDF, 5=RUT, 6=FMT",地上局異常コマンド実行結果,,
,OBC.GS_CMD.LAST_ERR_CODE,uint16_t,,(uint16_t)(gs_command_dispatcher->prev_err.cmd_ret.err_code),NONE,,,,,,,,地上局異常コマンド実行結果,,
,OBC.TLC_GS.COUNTER,uint8_t,,(uint8_t)(PH_tl_cmd_list[TLCD_ID_FROM_GS].executed_nodes_),NONE,,,,,,,,TL0コマンドカウンタ,,
,OBC.TLC_GS.QUEUED,uint8_t,,(uint8_t)(PH_tl_cmd_list[TLCD_ID_FROM_GS].active_nodes_),NONE,,,,,,,,TL0登録コマンド数,,
,OBC.TLC_GS.LAST_EXEC_TIME,uint32_t,,(uint32_t)timeline_command_dispatcher->dispatcher[TLCD_ID_FROM_GS].prev.time.total_cycle,NONE,,,,,,,,最新TL0コマンド実行時刻,,
,OBC.TLC_GS.LAST_EXEC_ID,uint16_t,,(uint16_t)(timeline_command_dispatcher->dispatcher[TLCD_ID_FROM_GS].prev.code),NONE,,,,,,,,最新TL0コマンドID,,
,OBC.TLC_GS.LAST_EXEC_STS,uint8_t,,(uint8_t)(timeline_command_dispatcher->dispatcher[TLCD_ID_FROM_GS].prev.cmd_ret.exec_sts),STATUS,,,,,,,"0=SUC, 1=LEN, 2=PRM, 3=CNT, 4=NDF, 5=RUT, 6=FMT",最新TL0コマンド実行結果,,
,OBC.TLC_GS.ERR_COUNTER,uint8_t,,(uint8_t)timeline_command_dispatcher->dispatcher[TLCD_ID_FROM_GS].error_counter,NONE,,,,,,,,TL0異常コマンド発生回数,,
,OBC.TLC_GS.LAST_ERR_TIME,uint32_t,,(uint32_t)timeline_command_dispatcher->dispatcher[TLCD_ID_FROM_GS].prev_err.time.total_cycle,NONE,,,,,,,,TL0異常コマンド実行時刻,,
,OBC.TLC_GS.LAST_ERR_ID,uint16_t,,(uint16_t)(timeline_command_dispatcher->dispatcher[TLCD_ID_FROM_GS].prev_err.code),NONE,,,,,,,,TL0異常コマンドID,,
,OBC.TLC_GS.LAST_ERR_STS,uint8_t,,(uint8_t)(timeline_command_dispatcher->dispatcher[TLCD_ID_FROM_GS].prev_err.cmd_ret.exec_sts),STATUS,,,,,,,"0=SUC, 1=LEN, 2=PRM, 3=CNT, 4=NDF, 5=RUT, 6=FMT",TL0異常コマンド実行結果,,
,OBC.TLC_GS.LAST_ERR_CODE,uint16_t,,(uint16_t)(timeline_command_dispatcher->dispatcher[TLCD_ID_FROM_GS].prev_err.cmd_ret.err_code),NONE,,,,,,,,TL0異常コマンド実行結果,,
,OBC.TLC_GS.NEXT_TIME,uint32_t,,(PL_is_empty(&(PH_tl_cmd_list[TLCD_ID_FROM_GS])) ? 0 : CCP_get_ti((const CommonCmdPacket*)(PL_get_head(&(PH_tl_cmd_list[TLCD_ID_FROM_GS]))->packet))),NONE,,,,,,,,次TL0コマンド実行時刻,変数指定が大変なことに…,
,OBC.TLC_GS.NEXT_ID,uint16_t,,(uint16_t)(PL_is_empty(&(PH_tl_cmd_list[TLCD_ID_FROM_GS])) ? 0 : CCP_get_id((const CommonCmdPacket*)(PL_get_head(&(PH_tl_cmd_list[TLCD_ID_FROM_GS]))->packet))),NONE,,,,,,,,次TL0コマンドID,変数指定が大変なことに…,
,OBC.TLC_BC.COUNTER,uint8_t,,(uint8_t)(PH_tl_cmd_list[TLCD_ID_DEPLOY_BC].executed_nodes_),NONE,,,,,,,,TL1コマンドカウンタ,,
,OBC.TLC_BC.QUEUED,uint8_t,,(uint8_t)(PH_tl_cmd_list[TLCD_ID_DEPLOY_BC].active_nodes_),NONE,,,,,,,,,,
,OBC.TLC_TLM.COUNTER,uint8_t,,(uint8_t)(PH_tl_cmd_list[TLCD_ID_DEPLOY_TLM].executed_nodes_),NONE,,,,,,,,TL1コマンドカウンタ,,
,OBC.TLC_TLM.QUEUED,uint8_t,,(uint8_t)(PH_tl_cmd_list[TLCD_ID_DEPLOY_TLM].active_nodes_),NONE,,,,,,,,,,
,OBC.TLC_GS.SOE_FLAG,_uint8_t,1,(uint8_t)(((uint8_t)timeline_command_dispatcher->dispatcher[TLCD_ID_FROM_GS].stop_on_error << 7 & 0x80) | ((uint8_t)timeline_command_dispatcher->dispatcher[TLCD_ID_FROM_GS].lockout << 6 & 0x40) | ((uint8_t)timeline_command_dispatcher->dispatcher[TLCD_ID_DEPLOY_BC].stop_on_error << 5 & 0x20) | ((uint8_t)timeline_command_dispatcher->dispatcher[TLCD_ID_DEPLOY_BC].lockout << 4 & 0x10) | ((uint8_t)timeline_command_dispatcher->dispatcher[TLCD_ID_DEPLOY_TLM].stop_on_error << 3 & 0x08) | ((uint8_t)timeline_command_dispatcher->dispatcher[TLCD_ID_DEPLOY_TLM].lockout << 2 & 0x04) | (0 << 2 & 0x02) | (0 << 2 & 0x01) ),STATUS,,,,,,,"0=DIS, 1=ENA:G",,,
,OBC.TLC_GS.LOCKOUT_FLAG,,1,,STATUS,,,,,,,"0=NO:G, 1=YES:R",,,
,OBC.TLC_BC.SOE_FLAG,,1,,STATUS,,,,,,,"0=DIS, 1=ENA:G",,,
,OBC.TLC_BC.LOCKOUT_FLAG,,1,,STATUS,,,,,,,"0=NO:G, 1=YES:R",,,
,OBC.TLC_TLM.SOE_FLAG,,1,,STATUS,,,,,,,"0=DIS, 1=ENA:G",,,
,OBC.TLC_TLM.LOCKOUT_FLAG,,1,,STATUS,,,,,,,"0=NO:G, 1=YES:R",,,
,OBC.TLC_TLM.DUMMY0,,2,,STATUS,,,,,,,*=UNDEFINED,,,
,OBC.EL.STATISTICS.RECORD_COUNTER_TOTAL,uint32_t,,event_logger->statistics.record_counter_total,NONE,,,,,,,,,,
,OBC.EL.STATISTICS.RECORD_COUNTERS_HIGH,uint16_t,,(uint16_t)event_logger->statistics.record_counters[EL_ERROR_LEVEL_HIGH],NONE,,,,,,,,,データサイズ減らすためにu16,
,OBC.EL.STATISTICS.RECORD_COUNTERS_LOW,uint16_t,,(uint16_t)event_logger->statistics.record_counters[EL_ERROR_LEVEL_LOW],NONE,,,,,,,,,データサイズ減らすためにu16,
,OBC.EL.STATISTICS.RECORD_COUNTERS_EL,uint16_t,,(uint16_t)event_logger->statistics.record_counters[EL_ERROR_LEVEL_EL],NONE,,,,,,,,,データサイズ減らすためにu16,
,OBC.EL.STATISTICS.RECORD_COUNTERS_EH,uint16_t,,(uint16_t)event_logger->statistics.record_counters[EL_ERROR_LEVEL_EH],NONE,,,,,,,,,データサイズ減らすためにu16,
,OBC.EL.LATEST_EVENT.ERR_LEVEL,uint8_t,,(uint8_t)event_logger->latest_event.err_level,STATUS,,,,,,,"0=HIGH, 1=LOW, 2=EL, 3=EH, *=N/A",,,
,OBC.EL.LATEST_LOW_EVENT.GROUP,uint8_t,,"(uint8_t)EL_get_the_nth_tlog_from_the_latest(EL_ERROR_LEVEL_LOW, 0)->group",NONE,,,,,,,,,,
,OBC.EL.LATEST_LOW_EVENT.LOCAL,uint32_t,,"EL_get_the_nth_tlog_from_the_latest(EL_ERROR_LEVEL_LOW, 0)->local",NONE,,,,,,,,,,
,OBC.EL.LATEST_LOW_EVENT.TIME.TOTAL_CYCLE,uint32_t,,"EL_get_the_nth_tlog_from_the_latest(EL_ERROR_LEVEL_LOW, 0)->time.total_cycle",NONE,,,,,,,,,,
,OBC.EL.LATEST_LOW_EVENT.TIME.STEP,uint8_t,,"(uint8_t)EL_get_the_nth_tlog_from_the_latest(EL_ERROR_LEVEL_LOW, 0)->time.step",NONE,,,,,,,,,,
,OBC.EL.LATEST_LOW_EVENT.NOTE,uint32_t,,"EL_get_the_nth_tlog_from_the_latest(EL_ERROR_LEVEL_LOW, 0)->note",NONE,,,,,,,,,u8にしてもよい,
,OBC.EL.LATEST_HIGH_EVENT.GROUP,uint8_t,,"(uint8_t)EL_get_the_nth_tlog_from_the_latest(EL_ERROR_LEVEL_HIGH, 0)->group",NONE,,,,,,,,,,
,OBC.EL.LATEST_HIGH_EVENT.LOCAL,uint32_t,,"EL_get_the_nth_tlog_from_the_latest(EL_ERROR_LEVEL_HIGH, 0)->local",NONE,,,,,,,,,,
,OBC.EL.LATEST_HIGH_EVENT.TIME.TOTAL_CYCLE,uint32_t,,"EL_get_the_nth_tlog_from_the_latest(EL_ERROR_LEVEL_HIGH, 0)->time.total_cycle",NONE,,,,,,,,,,
,OBC.EL.LATEST_HIGH_EVENT.TIME.STEP,uint8_t,,"(uint8_t)EL_get_the_nth_tlog_from_the_latest(EL_ERROR_LEVEL_HIGH, 0)->time.step",NONE,,,,,,,,,,
,OBC.EL.LATEST_HIGH_EVENT.NOTE,uint32_t,,"EL_get_the_nth_tlog_from_the_latest(EL_ERROR_LEVEL_HIGH, 0)->note",NONE,,,,,,,,,u8にしてもよい,
,OBC.EH.LOG_TABLE.RESPOND_COUNTER,uint32_t,,event_handler->log_table.respond_counter,NONE,,,,,,,,EH発生数,,
,OBC.EH.LOG_TABLE.LATEST_RULE_ID,uint16_t,,(uint16_t)EH_get_the_nth_log_from_the_latest(0)->rule_id,NONE,,,,,,,,EH最新発生ルールID,,
,OBC.EH.LOG_TABLE.LATEST_TI,uint32_t,,(uint32_t)EH_get_the_nth_log_from_the_latest(0)->respond_time_in_master_cycle,NONE,,,,,,,,EH最新発生TI,,
,POWER.5V_SW_STATE_DUMMY1,_uint8_t,3,(uint8_t)(power_switch_control->switch_state_5v_tlm.byte),STATUS,,,,,,,*=UNDEFINED,,,
,POWER.5V_SW_STATE.MTQ,,1,,STATUS,,,,,,,"0=OFF, 1=ON",MTQの電源状態,,
,POWER.5V_SW_STATE.SS,,1,,STATUS,,,,,,,"0=OFF, 1=ON",nanoSSOC-D60の電源状態,,
,POWER.5V_SW_STATE.FINE_MAG,,1,,STATUS,,,,,,,"0=OFF, 1=ON",RM3100の電源状態の電源状態,,
,POWER.5V_SW_STATE.COARSE_GYRO_MAG,,1,,STATUS,,,,,,,"0=OFF, 1=ON",MPU9250の電源状態,,
,POWER.5V_SW_STATE.POWER_SENSOR,,1,,STATUS,,,,,,,"0=OFF, 1=ON",INA260の電源状態,,
,POWER.UNREG_SW_STATE.DUMMY2,_uint8_t,2,(uint8_t)(power_switch_control->switch_state_unreg_tlm.byte),STATUS,,,,,,,*=UNDEFINED,,,
,POWER.UNREG_SW_STATE.RW_Z,,1,,STATUS,,,,,,,"0=OFF, 1=ON",RW Zの電源状態,,
,POWER.UNREG_SW_STATE.RW_Y,,1,,STATUS,,,,,,,"0=OFF, 1=ON",RW Yの電源状態,,
,POWER.UNREG_SW_STATE.RW_X,,1,,STATUS,,,,,,,"0=OFF, 1=ON",RW Xの電源状態,,
,POWER.UNREG_SW_STATE.GPS_R,,1,,STATUS,,,,,,,"0=OFF, 1=ON",OEM7600の電源状態,,
,POWER.UNREG_SW_STATE.STT,,1,,STATUS,,,,,,,"0=OFF, 1=ON",Sagittaの電源状態,,
,POWER.UNREG_SW_STATE.FINE_GYRO,,1,,STATUS,,,,,,,"0=OFF, 1=ON",STIM210の電源状態,,
,POWER.PIC.CURRENT_mA,int16_t,,(int16_t)(ina260_driver[INA260_IDX_PIC]->info.current_raw),POLY,0,1.25,,,,,,PIC電流値生値,,
,POWER.PIC.VOLTAGE_V,uint16_t,,(uint16_t)(ina260_driver[INA260_IDX_PIC]->info.voltage_raw),POLY,0,0.00125,,,,,,PIC電圧値生値,,
,POWER.FINE_GYRO.CURRENT_mA,int16_t,,(int16_t)(ina260_driver[INA260_IDX_STIM210]->info.current_raw),POLY,0,1.25,,,,,,STIM電流値生値,,
,POWER.FINE_GYRO.VOLTAGE_V,uint16_t,,(uint16_t)(ina260_driver[INA260_IDX_STIM210]->info.voltage_raw),POLY,0,0.00125,,,,,,STIM電圧値生値,,
,POWER.STT.CURRENT_mA,int16_t,,(int16_t)(ina260_driver[INA260_IDX_SAGITTA]->info.current_raw),POLY,0,1.25,,,,,,STT電流値生値,,
,POWER.STT.VOLTAGE_V,uint16_t,,(uint16_t)(ina260_driver[INA260_IDX_SAGITTA]->info.voltage_raw),POLY,0,0.00125,,,,,,STT電圧値生値,,
,POWER.GPS_R.CURRENT_mA,int16_t,,(int16_t)(ina260_driver[INA260_IDX_OEM7600]->info.current_raw),POLY,0,1.25,,,,,,OEM電流値生値,,
,POWER.GPS_R.VOLTAGE_V,uint16_t,,(uint16_t)(ina260_driver[INA260_IDX_OEM7600]->info.voltage_raw),POLY,0,0.00125,,,,,,OEM電圧値生値,,
,POWER.FINE_MAG.CURRENT_mA,int16_t,,(int16_t)(ina260_driver[INA260_IDX_RM3100]->info.current_raw),POLY,0,1.25,,,,,,RM電流値生値,,
,POWER.FINE_MAG.VOLTAGE_V,uint16_t,,(uint16_t)(ina260_driver[INA260_IDX_RM3100]->info.voltage_raw),POLY,0,0.00125,,,,,,RM電圧値生値,,
,POWER.SS.CURRENT_mA,int16_t,,(int16_t)(ina260_driver[INA260_IDX_NANOSSOC_D60]->info.current_raw),POLY,0,1.25,,,,,,SS電流値生値,,
,POWER.SS.VOLTAGE_V,uint16_t,,(uint16_t)(ina260_driver[INA260_IDX_NANOSSOC_D60]->info.voltage_raw),POLY,0,0.00125,,,,,,SS電圧値生値,,
,POWER.MTQ.CURRENT_mA,int16_t,,(int16_t)(ina260_driver[INA260_IDX_MTQ]->info.current_raw),POLY,0,1.25,,,,,,MTQ電流値生値,,
,POWER.MTQ.VOLTAGE_V,uint16_t,,(uint16_t)(ina260_driver[INA260_IDX_MTQ]->info.voltage_raw),POLY,0,0.00125,,,,,,MTQ電圧値生値,,
,POWER.RWX.CURRENT_mA,int16_t,,(int16_t)(ina260_driver[INA260_IDX_RW0003_X]->info.current_raw),POLY,0,1.25,,,,,,RWX電流値生値,,
,POWER.RWX.VOLTAGE_V,uint16_t,,(uint16_t)(ina260_driver[INA260_IDX_RW0003_X]->info.voltage_raw),POLY,0,0.00125,,,,,,RWX電圧値生値,,
,POWER.RWY.CURRENT_mA,int16_t,,(int16_t)(ina260_driver[INA260_IDX_RW0003_Y]->info.current_raw),POLY,0,1.25,,,,,,RWY電流値生値,,
,POWER.RWY.VOLTAGE_V,uint16_t,,(uint16_t)(ina260_driver[INA260_IDX_RW0003_Y]->info.voltage_raw),POLY,0,0.00125,,,,,,RWY電圧値生値,,
,POWER.RWZ.CURRENT_mA,int16_t,,(int16_t)(ina260_driver[INA260_IDX_RW0003_Z]->info.current_raw),POLY,0,1.25,,,,,,RWZ電流値生値,,
,POWER.RWZ.VOLTAGE_V,uint16_t,,(uint16_t)(ina260_driver[INA260_IDX_RW0003_Z]->info.voltage_raw),POLY,0,0.00125,,,,,,RWZ電圧値生値,,
,THERMAL.PIC_TEMPERATURE_DEGC,float,,(float)(thermo_sensor->temperature_degC[APP_TSNS_IDX_PIC]),NONE,,,,,,,,PIC付近に搭載した温度計温度 [degC],,
,THERMAL.RW_DCDC_TEMPERATURE_DEGC,float,,(float)(thermo_sensor->temperature_degC[APP_TSNS_IDX_RW_DCDC]),NONE,,,,,,,,RW DCDC付近に搭載した温度計温度 [degC],,
,THERMAL.ROUGH_GYRO_MAG_TEMPERATURE_DEG,float,,(float)(mpu9250_driver[MPU9250_IDX_ON_AOBC]->info.temperature_degC),NONE,,,,,,,,AOBC搭載MPU9250での温度測定値,,
,THERMAL.FINE_GYRO_TEMPERATURE.COMPO_X_DEGC,float,,(float)(stim210_driver[STIM210_IDX_IN_UNIT]->info.temperature_compo_degC[0]),NONE,,,,,,,,STIM210での温度測定値（コンポ座標X軸）,,
,THERMAL.FINE_GYRO_TEMPERATURE.COMPO_Y_DEGC,float,,(float)(stim210_driver[STIM210_IDX_IN_UNIT]->info.temperature_compo_degC[1]),NONE,,,,,,,,STIM210での温度測定値（コンポ座標Y軸）,,
,THERMAL.FINE_GYRO_TEMPERATURE.COMPO_Z_DEGC,float,,(float)(stim210_driver[STIM210_IDX_IN_UNIT]->info.temperature_compo_degC[2]),NONE,,,,,,,,STIM210での温度測定値（コンポ座標Z軸）,,
,THERMAL.STT_TEMPERATURE.MCU_DEGC,float,,(float)(sagitta_driver[SAGITTA_IDX_IN_UNIT]->info.telemetry.temperature.mcu_degC),NONE,,,,,,,,SagittaのMCU温度,,
,THERMAL.STT_TEMPERATURE.FPGA_DEGC,float,,(float)(sagitta_driver[SAGITTA_IDX_IN_UNIT]->info.telemetry.temperature.fpga_degC),NONE,,,,,,,,SagittaのFPGA温度,,
,THERMAL.STT_TEMPERATURE.CMOS_DEGC,float,,(float)(sagitta_driver[SAGITTA_IDX_IN_UNIT]->info.telemetry.temperature.cmos_degC),NONE,,,,,,,,SagittaのCMOS温度,,
,THERMAL.RW_TEMPERATURE.X_DEGC,float,,(float)(rw0003_driver[RW0003_IDX_ON_X]->info.temperature_degC),NONE,,,,,,,,RW0003_Xの温度,,
,THERMAL.RW_TEMPERATURE.Y_DEGC,float,,(float)(rw0003_driver[RW0003_IDX_ON_Y]->info.temperature_degC),NONE,,,,,,,,RW0003_Yの温度,,
,THERMAL.RW_TEMPERATURE.Z_DEGC,float,,(float)(rw0003_driver[RW0003_IDX_ON_Z]->info.temperature_degC),NONE,,,,,,,,RW0003_Zの温度,,
,THERMAL.GPSR_TEMPERATURE_DEGC,float,,(float)(oem7600_driver[OEM7600_IDX_IN_UNIT]->info.hardware_status.temperature_degC),NONE,,,,,,,,GPS-Rの温度,,
